"KOD","fullTheta"
"Z18001",-1.3988863721429
"Z18002",-3.75864543546819
"Z18003",-1.61680727601263
"Z18004",-0.998310924330044
"Z18005",-0.404948117059458
"Z18006",-1.01089985232386
"Z18008",-1.66615977826333
"Z18009",-1.9176552514862
"Z18010",-0.99609749291599
"Z18011",-1.27310516336996
"Z18012",0.618283597081227
"Z18013",0.0716182941655648
"Z18015",-0.400061664693978
"Z18016",-2.19855532855487
"Z18017",-1.64315955294012
"Z18018",-0.200005208660958
"Z18019",-0.803042635090892
"Z18020",-0.399998889526564
"Z18021",-1.77070799313153
"Z18022",-2.93047901041727
"Z18023",-0.997413562282838
"Z18024",-0.380250260447078
"Z18025",-2.62429131316229
"Z18026",-0.901465993535203
"Z18027",2.23544459296354
"Z18028",4.935876472426e-10
"Z18029",-0.221092502281075
"Z18030",-0.400085880461377
"Z18031",-0.588171120679251
"Z18032",-1.42173473019351
"Z18033",-1.34947019555996
"Z18034",-1.25542960287085
"Z18035",-0.60458380128702
"Z18036",-1.25589847213605
"Z18037",-0.199990925797325
"Z18038",-0.999999381785658
"Z18039",-1.18543645420728
"Z18040",-1.34349063888886
"Z18041",-0.72732492958043
"Z18042",-1.67279505004526
"Z18043",-0.996500126995152
"Z18044",-1.53129211741763
"Z18045",-0.893460094229483
"Z18046",-0.792681866468087
"Z18048",-0.598495590908185
"Z18049",1.00003944925989
"Z18050",-0.000615183359556772
"Z18051",-1.60401667483478
"Z18052",-0.399060639772223
"Z18053",-1.08484908768692
"Z18054",-0.39999910443828
"Z18055",0.200001884972521
"Z18056",-2.63627857570726
"Z18057",-0.989319347851043
"Z18058",-1.95143938376096
"Z18059",-1.41345714855965
"Z18060",-1.4222498972208
"Z18061",-2.7976523918355
"Z18062",0.184871403932668
"Z18063",-1.32545857932556
"Z18064",1.5870433616997
"Z18065",2.2629466760721
"Z18066",-0.821768197050197
"Z18067",-1.05784211945778
"Z18068",-0.600583358023759
"Z18069",-2.08644941807859
"Z18070",-0.247597015789637
"Z18071",-0.400119728260435
"Z18072",-0.399807095468568
"Z18073",-0.199999980065826
"Z18074",-0.211297752809214
"Z18075",-1.49905471100958
"Z18076",-0.40216520851045
"Z18077",-1.19913247680127
"Z18078",0.000210309307472201
"Z18079",-0.792875391584479
"Z18080",-1.14421088652585
"Z18081",0.199999999061103
"Z18082",-1.6483531725507
"Z18083",-1.25716843277872
"Z18084",-0.400003376245604
"Z18085",-1.45254571228138
"Z18087",-1.65980371430525
"Z18088",-1.57075067797974
"Z18089",-0.399954810784134
"Z18090",-0.0444070354887237
"Z18091",-0.59871927616344
"Z18092",-1.10741697102249
"Z18093",-0.990654091126671
"Z18094",-0.599883728691235
"Z18095",-0.200000126024927
"Z18096",-0.59367584742509
"Z18097",-1.00705437679596
"Z18098",-0.344745076247337
"Z18099",-0.993619372047705
"Z18100",-1.00056202225232
"Z18101",-0.200000006003722
"Z18102",-0.598950020570762
"Z18103",-0.799305847257636
"Z18104",-0.200000191264176
"Z18105",-0.562135290531247
"Z18106",-0.994787214626805
"Z18107",-2.53090416171645
"Z19001",-0.199999997939263
"Z19002",-2.57681046436856
"Z19003",-0.398430224790732
"Z19004",-0.200000202977704
"Z19005",-3.2524364954074
"Z19006",-0.782997461960309
"Z19007",-0.400097736802628
"Z19008",-1.89649074650774
"Z19009",-0.400000007061344
"Z19010",-1.92222181767661
"Z19011",-2.27735348487363
"Z19012",-2.12764860041063
"Z19013",-0.568240652148296
"Z19014",-1.00315428292544
"Z19015",-0.791119474298367
"Z19016",-0.797861739150772
"Z19017",-0.399534926864922
"Z19018",-2.40470320000448
"Z19019",-0.399958135286776
"Z19021",-1.8981044268357
"Z19022",-0.000199785391686124
"Z19023",0.201731631698379
"Z19024",-1.27786876432248
"Z19025",-0.991340152122372
"Z19026",0.99997214270521
"Z19027",-2.00628140994545
"Z19028",-1.85970764323379
"Z19029",-0.800015881698409
"Z19030",-0.402259197403612
"Z19031",-0.587602902763834
"Z19032",-1.01201667954118
"Z19033",-0.630623159901474
"Z19034",-0.60071745660786
"Z19035",-0.802542421612631
"Z19036",0.690151948455126
"Z19037",-0.799750937583884
"Z19038",0.210469682130083
"Z19039",-1.87017288579978
"Z19040",-1.52524298919516
"Z19041",-1.24135333123776
"Z19042",0.599998242274028
"Z19043",-1.77211154205269
"Z19044",-0.702276739144429
"Z19045",0.600000882471371
"Z19046",-1.02286203651493
"Z19047",-1.10797074309906
"Z19048",-0.199984466925508
"Z19049",-0.473863000942066
"Z19050",-1.5760391182917
"Z19051",-1.29005580799258
"Z19052",-0.39994433563487
"Z19053",-1.01297221400061
"Z19054",0.200000401824691
"Z19055",-1.27183735032241
"Z19057",-1.30267584455761
"Z19058",-1.22179781296454
"Z19059",-1.2044860317712
"Z19060",-0.000121316343283248
"Z19061",-1.69474883328163
"Z19062",-0.964570642641231
"Z19063",-0.613787400672834
"Z19064",-1.00381236127574
"Z19065",-2.9183752430265
"Z19066",-1.2460576029684
"Z19067",-0.399819379154594
"Z19068",-1.8230658405916
"Z19069",-3.26730848337267
"Z19070",-1.00872877701441
"Z19071",-1.1122363886097
"Z19072",-2.2085560008807
"Z19073",0.20001313462152
"Z19074",-1.13880979469266
"Z19075",-1.4238727274023
"Z19076",-0.949712207692239
"Z19077",-1.50623663112768
"Z19078",-2.55009310166808
"Z19079",-1.08653458765947
"Z19080",-1.6205880798128
"Z19081",-1.58143404695364
"Z19082",0.600000043417734
"Z19083",-0.00363669696926807
"Z19084",0.200891236490432
"Z19085",-1.30313389925745
"Z19086",0.399999695799725
"Z19087",-0.609259621060493
"Z19088",-0.203187501611968
"Z19089",-4.04755717355632e-05
"Z19090",-1.42582871270716
"Z19091",-0.800221362043226
"Z19092",-1.00018705043722
"Z19093",-1.6071128060186
"Z19094",-0.791960137882898
"Z19095",-2.08712815822328
"Z19096",-0.178370328164537
"Z19097",-0.781282218221797
"Z19098",-0.396575623426987
"Z19099",-2.12541566188728
"Z19100",-1.64021635907961
"Z19101",-1.03912860796983
"Z19102",-0.80881102445928
"Z19103",-3.12551345161358
"Z19104",-2.05764428974618
"Z19105",-2.13523708204552
"Z19106",-0.995226655746115
"Z19107",-0.400005778164916
"Z19108",-0.798008802332074
"Z19109",-0.880844485767015
"Z19110",-2.08764922813742
"Z19111",-3.08903288072672
"Z19112",-1.00775459013597
"Z19113",-0.591582095010632
"Z19114",-1.26618197498803
"Z19116",-3.55384309986773
"Z19117",-0.797834579566585
"Z19118",-0.600081651180683
"Z19119",-2.20175555825116
"Z19120",-0.399334546127502
"Z19121",-0.782764772234375
"Z19122",-0.599906863352512
"Z19123",-1.03175178273675
"Z19124",-0.798855836030014
"Z19125",-0.600718545302762
"Z20001",0.199999997863487
"Z20002",-0.601285070706632
"Z20003",-0.94206824051364
"Z20004",-0.610742244265383
"Z20005",0.932035914842791
"Z20006",-1.68748600558085
"Z20007",-0.988013930295437
"Z20008",-1.01095177821186
"Z20009",-1.93435000817802
"Z20010",-0.605228508739674
"Z20011",-0.200000048801774
"Z20012",-1.85103516222387
"Z20013",-0.800149993495789
"Z20014",-0.785971571137084
"Z20015",-1.1927634926723
"Z20016",-1.43474981480151
"Z20017",-1.9200608469156
"Z20018",-0.599667408700077
"Z20019",-0.786367455983129
"Z20020",-1.92046776518289
"Z20021",-0.827388052727456
"Z20022",-1.33278718151643
"Z20023",-1.4630427449598
"Z20024",-0.400283525659772
"Z20025",-1.77867645042512
"Z20026",-0.200002407476184
"Z20027",-1.04910653963623
"Z20028",-2.60125792983145
"Z20029",-1.25362090668128
"Z20030",-0.199999970882998
"Z20031",-1.00906431308977
"Z20032",-0.830971159601084
"Z20033",-1.19498759548121
"Z20034",-0.833709705744
"Z20035",-1.0039303363577
"Z20036",-1.55867004818649
"Z20037",-0.199998870650924
"Z20038",-1.1383140983425
"Z20040",-0.199858885743002
"Z20041",-1.80992328689788
"Z20042",-0.831088271145671
"Z20043",-0.350311390349408
"Z20044",-1.51898799222745
"Z20045",-1.9275169475053
"Z20046",-0.600139928193119
"Z20047",-2.56922504810068
"Z20048",-2.21966959220362
"Z20050",-0.599967530110635
"Z20051",-2.61886505909306
"Z20052",-1.45222284759869
"Z20053",-0.201160681571923
"Z20054",-0.261378336294522
"Z20055",-1.29422250702144
"Z20056",-0.595008832943104
"Z20057",1.19992610180579
"Z20058",-0.930448005888126
"Z20060",-0.800163839383003
"Z20061",-0.648324672716506
"Z20062",-0.20000025522881
"Z20063",0.399994180042012
"Z20064",-1.01254907225004
"Z20065",-0.199999241906383
"Z20066",0.399999981998677
"Z20067",0.186606874397514
"Z20068",0.20000000013228
"Z20069",1.75926995923361e-06
"Z20070",-0.833271101315146
"Z20071",-0.20009586326696
"Z20072",0.60220062504429
"Z20073",-0.78193870601445
"Z20074",-2.17757180648877
"Z20075",-0.794208305779492
"Z20076",-0.802743182355881
"Z20077",-2.03190371035404
"Z20078",-1.41454870036818
"Z20079",-0.40007569193685
"Z20080",-1.85026115867505
"Z20081",-1.0070974763604
"Z20082",-1.14826927394462
"Z20083",-0.810844556465111
"Z20084",-1.23857367304033
"Z20085",-0.599468535154193
"Z20086",-2.73110693813731
"Z20087",0.199999999646755
"Z20088",-0.600826364425191
"Z20089",-0.200000090726905
"Z20091",-0.797190076562443
"Z20092",-0.991026107596121
"Z20093",-0.374527187454986
"Z20094",-1.01247105293052
"Z20095",-3.3052558994813
"Z20096",-2.27449185458153
"Z20098",-0.786077482901625
"Z20099",6.47922106546255e-08
"Z20100",-0.19967412981099
"Z20101",-2.71272729792908e-05
"Z20102",-1.58700063095485
"Z20103",0.199999999382199
"Z20104",-2.48135643503408
"Z20105",-0.898441696777162
"Z20107",-3.15165967933247
"Z20108",-0.198059035475157
"Z20109",-0.599761661550704
"Z20110",0.400009904657586
"Z20111",-2.03678397672996
"Z20112",-0.749262713983111
"Z20113",-1.32575967602298
"Z20114",-1.30387955829093
"Z20115",0.600000002283673
"Z20116",-3.04267089522233
"Z20117",-0.390553062378344
"Z20118",-0.400081231916361
"Z20119",-0.0663896453756406
"Z20120",0.00988046429774222
"Z20121",-1.29769732424204
"Z20122",-0.59777630839256
"Z20123",-1.46988673869123
"Z20124",-1.10727316738314
"Z20125",-0.196832317393005
"Z20126",0.59999995724905
"Z20127",-1.83727637855394
"Z20128",-0.440226686678593
"Z20129",-1.59686492761868
"Z20130",-0.406076308341351
"Z20131",-3.22829801757756
"Z20133",-1.63165250677721
"Z20135",-0.969374486560134
"Z20136",-1.88930291818881
"Z20137",-1.1793666320429
"Z20138",0.51005604848245
"Z20139",-0.843199566665343
"Z20141",-1.00128636932521
"Z21001",-0.97645553076836
"Z21002",0.400005107533763
"Z21003",-0.399985395743069
"Z21004",-1.06055602781285
"Z21005",-0.796444119837257
"Z21006",-0.199997238441383
"Z21007",-0.599905377216262
"Z21008",-2.13514964751552
"Z21009",7.80191799374112e-10
"Z21010",-1.34752186573289
"Z21011",-1.76687232831074
"Z21012",-0.242421445530729
"Z21013",-1.64361557551126
"Z21014",-1.00470346627194
"Z21015",-2.35277153516393
"Z21016",-0.199992447932802
"Z21018",-2.46153886689223
"Z21019",-1.01009916882738
"Z21020",-3.01090079391313
"Z21021",-0.801338407940553
"Z21022",-1.40929684236966
"Z21023",-0.399779030816506
"Z21024",-1.31309440503044
"Z21025",-1.65155899031478
"Z21026",-3.55903451875691
"Z21027",-0.399684243504951
"Z21028",-1.48109708924114
"Z21029",-1.73014725727343
"Z21030",-1.7175491610102e-07
"Z21031",0.199999968198477
"Z21032",-0.218665499715182
"Z21033",-0.78657313681233
"Z21034",-0.252679390399695
"Z21035",-1.28247608715198
"Z21036",-1.22368028884662
"Z21037",-1.01174061591631
"Z21038",-0.401029728928226
"Z21039",-0.399780644399504
"Z21040",-1.2340196696834
"Z21041",-1.18428550785287
"Z21042",-1.87165262216376
"Z21043",-1.23312659130357
"Z21044",-1.02659091617339
"Z21045",0.600007086538876
"Z21046",0.40099356606807
"Z21047",-0.600007739829539
"Z21048",-1.71629349896101
"Z21049",-0.200000073303235
"Z21050",0.000110225782705746
"Z21051",8.02234098716101e-06
"Z21052",0.365495621119057
"Z21053",-1.72647599837095
"Z21054",-1.66393421055968
"Z21056",8.35719511892453e-11
"Z21057",-2.37388674107181
"Z21058",-1.50470617673415
"Z21059",-0.380435052357405
"Z21060",-1.09439032478019
"Z21061",-0.800219186834882
"Z21062",-0.618775107134894
"Z21063",-0.400012284205412
"Z21064",0.999926553631606
"Z21065",-1.10250091935922
"Z21066",-0.798018592525965
"Z21067",-1.91943173050408
"Z21068",-0.400447089934678
"Z21069",-2.65073314936739
"Z21070",-2.3906783750809
"Z21071",-0.00315692513914839
"Z21072",0.199974132099312
"Z21073",-1.6811607743745
"Z21074",-1.78016094100003
"Z21075",0.2120466645408
"Z21076",-2.32233757336702
"Z21077",3.67203022316866e-07
"Z21078",-0.0666114056547011
"Z21079",-1.56097692095841
"Z21080",0.381410783669478
"Z21081",-0.200000097555229
"Z21082",0.603824748869403
"Z21083",-0.200000099833102
"Z21084",-2.02537438719106
"Z21085",-1.4544965546534
"Z21086",-0.405994032866245
"Z21087",-1.07061421949116
"Z21088",0.199997752451672
"Z21089",-0.329068606681951
"Z21090",-1.37344326375567
"Z21091",-0.399998861357094
"Z21092",0.200000919848414
"Z21093",-0.886729029708519
"Z21094",-2.10380083716218
"Z21095",-1.59841740996859
"Z21096",0.199999999794744
"Z21097",-1.08701303878935
"Z21098",-0.206982964983107
"Z21099",0.600000013150205
"Z21100",-3.20988541865499e-05
"Z21101",-1.04923481482731
"Z21102",-3.83607433826178
"Z21103",-2.40398278778243
"Z21104",1.00099784761951
"Z21105",-1.11335183486815
"Z21106",-1.24263920100011
"Z21107",-2.06743340298133
"Z21108",-1.37135659571684
"Z21109",0.599999916930621
"Z21110",-0.600152411399585
"Z21111",-0.608861017576469
"Z21112",-0.400591198834331
"Z21113",-2.29297256190155
"Z21114",-1.63504591474845
"Z21115",2.75165258367708
"Z21116",-2.16778467356137
"Z22001",-1.34344483108245
"Z22002",-0.984633541257404
"Z22003",0.200001061138328
"Z22004",-1.26429212233267
"Z22005",-1.16252139091259
"Z22006",-1.00202064323378
"Z22007",-1.12542295990678
"Z22008",-1.14821602461402
"Z22009",-0.199999997214509
"Z22010",-1.20910627075892
"Z22011",-1.04583897925497
"Z22012",-1.36182821448737
"Z22013",-1.9116554570468
"Z22014",1.38402940657272
"Z22015",-1.09964452437301
"Z22016",-0.401765264870453
"Z22017",0.200000000045492
"Z22018",-0.600361637410872
"Z22019",-1.27028160142318
"Z22020",-1.02590753234657
"Z22021",-0.665194647445655
"Z22022",0.200000088932101
"Z22023",-0.863480691775142
"Z22024",-0.600030196306035
"Z22025",0.600004364589147
"Z22026",0.199999997301069
"Z22027",0.200000046009786
"Z22028",-1.5677896667527
"Z22029",-5.75991566460902e-07
"Z22030",0.0730867522422717
"Z22031",-0.200000206168754
"Z22032",-1.50523890762185
"Z22033",-1.50075053077487
"Z22034",-1.03271722442209
"Z22035",-0.39999758301057
"Z22036",-0.400247816329124
"Z22037",-0.816792562019886
"Z22038",-1.91488432886299
"Z22039",-1.91929912546925
"Z22040",-0.589796420342369
"Z22041",-1.57362028852193
"Z22042",-2.89992185284186e-06
"Z22043",-1.27196906054794
"Z22044",-1.44318816509917
"Z22045",0.400000000118812
"Z22046",-0.988119894825715
"Z22047",-1.96304268253733
"Z22048",1.70377152285029e-05
"Z22049",0.800000523834009
"Z22050",-0.810773858205316
"Z22051",-0.987515264873748
"Z22052",3.17461981599088
"Z22053",1.19553951458955
"Z22054",-2.21973208043672e-09
"Z22055",-0.599779800871435
"Z22056",-1.18858022709558
"Z22057",0.396261015545948
"Z22058",-0.599735158167888
"Z22059",0.802874255800658
"Z22060",-2.01629954584753e-05
"Z22061",-0.994242902823413
"Z22062",-0.797375210043054
"Z22063",4.11857483068068e-08
"Z22064",1.20001226911894
"Z22065",-0.200017209529317
"Z22066",1.59217839569945e-09
"Z22067",0.999973235695265
"Z22068",3.17461981599088
"Z22069",-1.42351536365453
"Z22070",-1.37862794912875
"Z22071",-1.29876044982499
"Z22072",0.400009548796851
"Z22073",-0.203672835323612
"Z22074",0.399867450653377
"Z22075",-0.608754167113346
"Z22076",0.80000264006108
"Z22077",-0.0202249052241378
"Z22078",-3.98506978254284e-06
"Z22079",-2.60075866716984
"Z22080",-0.257943255644039
"Z22081",-1.15647690843471
"Z22082",-0.60011420835607
"Z22083",-0.437920436874659
"Z22084",-0.200019148989069
"Z22085",-0.660960126908787
"Z22086",3.17461981599088
"Z22087",-0.729867196918167
"Z22088",-0.135352841073189
"Z22090",-1.72133462525532
"Z22091",-1.00168490170139
"Z22092",0.00245980492373924
"Z22093",-1.07156461649941
"Z22094",0.399999998996951
"Z22095",0.200000001221822
"Z22097",-1.58128415556104
"Z22098",-2.1202681994855
"Z22099",1.00016472712771
"Z22100",-0.592453423567316
"Z22101",-0.580845767628409
"Z22102",0.00186676730712212
"Z22103",-1.85108812829193
"Z22104",-1.44195754366233
"Z22105",8.07339905477593e-05
"Z22106",-0.199999902492097
"Z22107",-0.606273323641988
"Z22108",-0.819134805310592
"Z22109",-1.35956582419177
"Z22110",-0.199999924675483
"Z22111",0.800000689393399
"Z22112",-0.200038459250279
"Z22113",0.800000164041324
"Z22114",-0.399994887017921
"Z22115",-1.45073914421757
"Z22118",-0.599941065281908
"Z23001",-0.200004168171892
"Z23002",-0.599904339806073
"Z23003",-0.400161458829483
"Z23004",-2.00317629837115
"Z23005",0.600023760034255
"Z23006",1.10888108409494
"Z23007",-1.19071580061356
"Z23008",-2.75391688512094
"Z23009",0.399967041705345
"Z23010",-1.28575930474934
"Z23011",-0.399990141801302
"Z23012",0.800000277030128
"Z23013",-0.199940957528168
"Z23014",-0.427423175260453
"Z23015",0.598877962078966
"Z23016",-1.73289268114543
"Z23017",-1.15249786597863
"Z23018",0.199999999791401
"Z23019",0.600000175142159
"Z23020",-0.821651730254892
"Z23021",-0.64797296999928
"Z23022",-0.111944758541486
"Z23023",-1.43473867050121
"Z23024",-0.00945517063453734
"Z23025",0.00105766132209055
"Z23026",1.00288258995961
"Z23027",0.200000540118932
"Z23028",-0.847919038519584
"Z23029",-0.399365363606458
"Z23030",-2.68327984657476
"Z23031",-1.52753377123627
"Z23032",-0.612938118398979
"Z23033",-0.600223523692703
"Z23034",0.199999888414133
"Z23035",-0.752643743574514
"Z23036",-0.158455227354766
"Z23037",0.189753450266827
"Z23038",-2.36548422160699
"Z23039",0.0743848648606983
"Z23040",-1.32855351387644
"Z23041",6.16150747690916e-09
"Z23042",-1.00332426716569
"Z23043",-4.62570753763878e-06
"Z23044",-1.88793692172221
"Z23045",-0.0301244917793836
"Z23046",-1.30948065400135
"Z23047",-1.9276126506606
"Z23048",-0.598301215423314
"Z23049",0.120000118132006
"Z23050",-0.400256835469074
"Z23051",0.599999388704688
"Z23052",-1.517767962917e-05
"Z23053",0.40026284553933
"Z23054",0.600015885708543
"Z23055",-1.11954936734247
"Z23056",0.399374018543564
"Z23057",-0.40000060852205
"Z23058",7.11512447563909e-07
"Z23059",-0.600626559976475
"Z23060",-0.542259609518709
"Z23061",-5.27932016605122e-05
"Z23062",-1.94258848898747
"Z23063",0.00284145180070757
"Z23064",-2.28890993695024
"Z23065",-0.198938345537291
"Z23066",-0.199357292713036
"Z23067",0.99998143072635
"Z23068",-0.200000228636638
"Z23069",-1.20144003398161
"Z23070",0.400001145526519
"Z23071",-3.55903451875691
"Z23072",0.162665111705393
"Z23073",0.399999997691603
"Z23074",-0.199999973357309
"Z23075",-1.20976376209142
"Z23076",0.800000354727628
"Z23077",-0.39999799230914
"Z23078",-1.83302279362448
"Z23079",1.38914123923557
"Z23080",1.15674096101673e-10
"Z23081",0.600379300428237
"Z23083",2.25955692937967e-06
"Z23084",0.199859271300859
"Z23085",0.200873145771752
"Z23086",-0.862858979321531
"Z23087",-0.600024492552276
"Z23088",-0.613173650298452
"Z23089",-3.0425475384607
"Z23090",-0.996472180699073
"Z23091",5.01354719060657e-10
"Z23092",-0.39992602135101
"Z23093",-0.199997990561623
"Z23094",-0.400914916411206
"Z23095",0.999643156291025
"Z23096",-0.484447433660288
"Z23097",-1.44850860991359
"Z23098",-0.610418929148608
"Z23099",-0.199996263570222
"Z23100",0.399999999743593
"Z23101",0.804299140198999
"Z23102",-1.17795439023588
"Z23103",-0.600030899949839
"Z23104",-0.0106349321112807
"Z23105",-0.181944235878844
"Z23106",-1.6853642327008
"Z23107",-0.802435489648818
"Z23108",-1.60063833469772
"Z23109",-1.64449592862
"Z23110",-0.199999925857072
"Z23111",0.40000396408922
"Z23112",1.42306932583207
"Z23113",-1.71843129326544
"Z23114",-0.980225631273924
"Z23115",1.80697721922137
"Z23116",-1.01388016672074
"Z23117",0.600000014118803
"Z23119",3.17461981599088
"Z23120",-2.05284222830612
"Z23121",-1.54403967086934
"Z23122",0.885907495089898
"Z23123",-0.191684514352728
"Z23124",-2.78956181753084
"Z24001",-0.400004073103624
"Z24002",-0.800392628680058
"Z24003",0.79999999184996
"Z24004",0.199940364123194
"Z24005",1.00689751211542
"Z24006",-0.612985499999879
"Z24007",0.600000641301315
"Z24008",-1.19901065882568
"Z24009",0.601424045750065
"Z24010",-1.00139997304813
"Z24011",-2.07577866957666
"Z24012",-0.199998910922085
"Z24013",-0.399963020876175
"Z24014",2.07212257256031e-09
"Z24015",-0.399999570397504
"Z24016",0.600003489245237
"Z24017",-0.975284756219158
"Z24018",0.800000181680153
"Z24019",-0.600316145803293
"Z24020",-0.399994010027123
"Z24021",0.899008262130998
"Z24022",0.599999518237437
"Z24023",-0.600192887833508
"Z24024",0.00175274511324049
"Z24025",-4.9276125518221e-09
"Z24026",0.200000000848515
"Z24027",-1.20016439256729
"Z24028",0.600005537508675
"Z24029",-1.26900551174066
"Z24030",0.600000005637522
"Z24031",-3.71496136618671
"Z24032",-0.800435455620731
"Z24033",0.600000067729329
"Z24034",-0.797158595048622
"Z24035",-1.56516173656713
"Z24036",1.09573530644193e-08
"Z24037",0.746439484107211
"Z24038",2.61281176872285e-07
"Z24039",-0.402217439969081
"Z24040",-1.01682157499622
"Z24041",-1.01780909974858
"Z24042",-0.39998652281647
"Z24043",-0.670883108366109
"Z24044",-1.14952599555731
"Z24045",-0.201086082678761
"Z24046",0.895945963083431
"Z24047",-0.799857976146803
"Z24048",-3.9604776050909
"Z24049",-3.38668265900611e-05
"Z24050",5.76521561809038e-06
"Z24052",0.40000000071309
"Z24053",-1.16045811926955
"Z24054",0.599984087475987
"Z24055",-1.84017105795459
"Z24056",0.200000002106699
"Z24057",-0.39175641233766
"Z24058",-1.18827174742523
"Z24059",-1.78202456579354
"Z24060",-1.93933206048384
"Z24061",0.199994971349015
"Z24062",1.59991808590952
"Z24063",-1.00540662267168
"Z24064",-0.800281104169719
"Z24065",-0.678629956131301
"Z24066",-1.57804787950219
"Z24067",-2.60042834756704
"Z24068",0.200046465643484
"Z24069",-0.599899783863054
"Z24070",-2.81803949241061
"Z24071",-1.25132398158337
"Z24072",1.97379544253064
"Z24073",-0.200000023943591
"Z24074",-3.12911050009623
"Z24075",0.799849862893083
"Z24076",0.600268146940729
"Z24077",0.0389517824108368
"Z24078",-1.88910120037267
"Z24079",-0.186364723980823
"Z24080",-1.34641450080517
"Z24081",-2.81464933276225
"Z24082",0.399977878507408
"Z24083",-1.55056058020431
"Z24084",0.799864457291775
"Z24085",-0.217707312723628
"Z24086",0.799999728482077
"Z24087",-0.200215317100961
"Z24088",-0.399998643884153
"Z24089",-0.400530880894758
"Z24090",-0.399999405913875
"Z24092",-1.32671605521126
"Z24093",-1.47002453194507
"Z24094",-1.10853389879072
"Z24095",-0.199999094338478
"Z24096",-2.29223622419733
"Z24097",-1.08581850810826
"Z24098",-0.975527611100658
"Z24099",-0.400001352756372
"Z24100",-2.23782063816707
"Z24101",1.59770974905908
"Z24102",-2.69979615458323
"Z24103",0.400000137637436
"Z24105",0.396557622813115
"Z24106",-0.600028893854079
"Z24107",-0.825140393354003
"Z24108",-0.222809929124549
"Z24109",-0.399593605166661
"Z24110",-0.975511382258005
"Z24111",-1.24372280607153
"Z24112",0.171857515389992
"Z24113",-0.400004751798853
"Z25001",-0.754211617802054
"Z25002",-0.792963934657988
"Z25003",-2.07196242245379
"Z25004",-0.400178051688823
"Z25005",0.199999999413938
"Z25006",-0.400000169787719
"Z25007",1.19944733510549
"Z25008",-0.200004886002771
"Z25009",-1.84881674405154
"Z25010",0.791919205735768
"Z25011",-1.57799328229961
"Z25012",-0.0344332204293168
"Z25013",0.200000001466482
"Z25014",-2.44843382079997
"Z25015",1.41336914785472
"Z25016",0.999733188934871
"Z25017",-2.20523618592277
"Z25018",0.173468586868961
"Z25019",-0.399931944058854
"Z25020",-0.601403519970246
"Z25021",-1.11408056902043
"Z25022",-0.885325540641615
"Z25023",-0.576233310952126
"Z25024",-0.400032478828609
"Z25025",0.800000710976943
"Z25026",0.200091434425959
"Z25027",-0.804188616424199
"Z25028",-0.399979791091642
"Z25029",-0.90883206645084
"Z25030",0.600000006251968
"Z25031",0.999986961452141
"Z25032",0.895227712990979
"Z25033",2.20199794450061
"Z25034",-2.25523826087547
"Z25035",1.69099793420646
"Z25036",2.11692859777103
"Z25037",-0.834516045234133
"Z25038",0.399957682711175
"Z25039",-0.592305265873919
"Z25040",-1.07432455963742
"Z25041",0.876742099868945
"Z25042",-0.400002506448982
"Z25043",-1.15339710669858
"Z25044",1.19912027583987
"Z25045",0.400000220896526
"Z25046",-0.88196315499456
"Z25047",-0.412496870634926
"Z25048",0.997710296340531
"Z25049",2.30704452388267
"Z25050",-0.201442748733076
"Z25051",-1.18607192110947
"Z25052",-0.80567796577438
"Z25053",-0.799911551507114
"Z25054",1.77210927435715
"Z25055",0.400228505557499
"Z25057",3.17461981599088
"Z25058",-0.400012094459573
"Z25059",0.200000000280124
"Z25060",0.802226847581744
"Z25061",0.800022395451425
"Z25062",-0.405525190782898
"Z25063",1.8896809176672
"Z25064",0.398001261135437
"Z25065",-1.50939342750147
"Z25066",-0.411621273512758
"Z25067",0.400000841226578
"Z25068",0.00356506155362882
"Z25069",-0.400087436418476
"Z25070",-0.199999970044133
"Z25071",-0.599896001651497
"Z25072",-1.27750381891579e-08
"Z25073",0.199969052535774
"Z25074",-1.41829389325617
"Z25075",-0.805290482985669
"Z25076",-4.08191730270862e-08
"Z25077",1.00011472221243
"Z25078",0.400000000214604
"Z25079",-0.000741321103376458
"Z25080",-0.861690228931156
"Z25081",3.43036811000841e-05
"Z25082",-1.73550379709527
"Z25083",-3.15169287141785
"Z25084",-0.799784514340288
"Z25085",-0.99245801236367
"Z25086",-1.27689749422042
"Z25087",0.40000001179324
"Z25088",-0.389771348154716
"Z25089",0.525390768349248
"Z25090",-0.599817491474302
"Z25091",-0.400212887347256
"Z25092",0.399971247067845
"Z25093",-0.787855352128865
"Z25094",-0.399974790396418
"Z25095",-0.502385339313841
"Z25096",-2.61564030875281
"Z25097",-0.805703870574456
"Z25098",0.199999999985029
"Z25099",1.56119323037284
"Z25100",1.00029493290861
"Z25101",0.906213720770799
"Z25102",-3.64330856109009
"Z25103",-1.3057531054907
"Z25104",-0.778793863657355
"Z25105",-2.72188562498822
"Z25106",3.19448521463364e-07
"Z25107",-0.200112873220748
"Z25108",1.51788128537491e-09
"Z25109",-0.20000152808321
"Z25110",-0.19999929991562
"Z25111",0.600000406085767
"Z25112",2.66695724970992e-07
"Z25113",-1.61862144704951
"Z25114",-0.204030649351645
"Z25115",0.836073651868084
"Z25116",-0.347572481431321
"Z25117",0.400000000459636
"Z25118",0.599297280983777
"Z25119",-0.200100661484264
"Z25120",0.199999997139797
"Z25121",0.115658797981407
"Z25122",-1.64902170084918
"Z25123",3.17461981599088
"Z25124",-1.53928964473049
"Z25125",-0.981710881266785
"Z25126",1.60756597017853
"Z25127",0.400392502437408
"Z25128",9.90117502688635e-09
"Z25129",-0.199776674933175
"Z25130",0.999996645074265
"Z25131",-2.02916701592313
"Z25132",1.20039549318432
"Z25133",-0.199810245829185
"Z25134",0.200000001339329
"Z25135",1.40664573413196
"Z25136",-0.199999959140715
"Z25137",-0.400000764232117
"Z25138",-0.623607178534261
"Z25139",0.999942471333887
"Z25140",-0.857296586052986
"Z26001",-0.587489683240137
"Z26002",-0.2144143987749
"Z26003",-0.948449190264476
"Z26004",0.199999998147141
"Z26005",-0.819130107011771
"Z26006",0.399999053537927
"Z26007",-0.444928954608957
"Z26008",0.986755378886831
"Z26010",0.20000002191717
"Z26011",-0.40004749995412
"Z26012",-0.200102943603284
"Z26013",0.200011114870934
"Z26014",0.00358090454587075
"Z26015",1.91482595292934
"Z26016",1.76323195177378
"Z26017",-1.22093981502718
"Z26018",-0.599849420397832
"Z26019",-0.356970330634112
"Z26020",1.00251153152793
"Z26021",-1.2912392454307
"Z26022",0.80004735773164
"Z26023",0.814179968318047
"Z26024",-0.199826212781708
"Z26025",0.799939893111736
"Z26026",-0.40000898663818
"Z26027",-0.793213477848418
"Z26028",0.800000120809316
"Z26029",-1.29315734899041
"Z26030",0.800002500985919
"Z26031",0.599999945948201
"Z26032",-0.801500924318738
"Z26033",0.415316542727388
"Z26034",0.800313844276371
"Z26035",-0.811357562506512
"Z26036",-0.635035994837241
"Z26037",0.599996779226857
"Z26038",1.64074988774447
"Z26039",0.200002295291208
"Z26040",-0.266388590059705
"Z26041",0.800000053604285
"Z26042",-0.600428584130972
"Z26043",1.17461037640013
"Z26044",2.54988498712023
"Z26045",0.599692364548708
"Z26046",-3.23924490460938e-05
"Z26047",-1.63258040533845
"Z26048",-0.00169805876517546
"Z26049",0.600000004647875
"Z26050",-1.06303964392872
"Z26051",-3.9604776050909
"Z26052",0.600007796720016
"Z26053",0.20000000078073
"Z26054",0.399872776254079
"Z26055",1.54431283879516
"Z26056",3.17461981599088
"Z26057",1.43935675096703
"Z26058",-0.400000081216467
"Z26059",0.800776487617083
"Z26060",-0.406678815729563
"Z26061",0.40000017594146
"Z26062",-1.81339582695736
"Z26063",-0.000746793355943451
"Z26064",1.19949744975371
"Z26066",1.00025808213692
"Z26067",1.02562359102187
"Z26068",-2.96946636269073
"Z26069",1.20444684479131
"Z26070",2.39630554321386e-08
"Z26071",0.269105014384305
"Z26072",-0.401763508944878
"Z26073",0.599999695960492
"Z26074",1.60421219019133
"Z26075",7.12595831027459e-06
"Z26076",0.200006029773087
"Z26077",-1.4221717842534e-09
"Z26078",-0.199937305609776
"Z26079",-0.401466912795287
"Z26080",-1.10144492551494e-07
"Z26081",0.200000000791704
"Z26082",-0.96174927103129
"Z26083",1.20041999078417
"Z26084",-1.00552171301551
"Z26086",0.00025086849240264
"Z26087",0.763758861464164
"Z26088",-6.45492097723783e-10
"Z26089",1.63172877594111
"Z26090",0.828357714103009
"Z26091",-1.14834229193552
"Z26092",1.18874449962885
"Z26093",1.3716522465541
"Z26094",-0.400729657477291
"Z26095",1.61290336410959
"Z26096",0.399999998380604
"Z26097",-0.796153233786118
"Z26098",0.590006445886621
"Z26099",0.999986268385978
"Z26100",0.999578416277989
"Z26101",-0.00305967436722155
"Z26102",-0.822471951072896
"Z26103",-0.199999993511788
"Z26104",0.400000000163751
"Z26105",-3.776524848693e-07
"Z26106",0.999060008461858
"Z26107",-0.993953808127174
"Z26108",3.17461981599088
"Z26109",1.85774734661748
"Z26110",0.400000000009625
"Z26111",-1.46423985563646
"Z26112",2.63975244069957
"Z26113",0.199999999982378
"Z26114",0.79783038069237
"Z26115",-0.381348587097072
"Z26116",-0.408686874121019
"Z26117",0.599936489453538
"Z26118",0.877722810419413
"Z26119",0.400000110031407
"Z26120",-0.199999974479162
"Z26121",-2.34331843622528
"Z26122",-1.01436376508528
"Z26123",-0.200003819639671
"Z26124",0.199999999997066
"Z26125",-0.199502113672643
"Z26126",0.400000002192053
"Z26127",-0.649373936950153
"Z27001",0.599995047726146
"Z27002",0.599703625688556
"Z27003",-0.596611938803858
"Z27004",-0.20008067259262
"Z27005",-5.38657140607206e-06
"Z27006",-0.800550248919378
"Z27007",-0.974482005393414
"Z27008",0.800000161038454
"Z27009",0.996727240301481
"Z27010",0.805699615195994
"Z27011",1.05307362945934
"Z27012",0.400000000004287
"Z27013",1.39754506191501
"Z27014",-0.603508381782648
"Z27015",-6.39437180315677e-10
"Z27016",-1.3973557045539e-07
"Z27017",3.17461981599088
"Z27018",1.5993558538173
"Z27019",-1.46420826807834
"Z27020",-1.73729515112003
"Z27021",0.223853727814497
"Z27022",-1.19744034732116
"Z27023",0.580967818317729
"Z27024",0.58490777229436
"Z27025",0.599999915212079
"Z27026",-1.79755659331691e-09
"Z27027",0.841081852045716
"Z27028",-0.982646873968751
"Z27029",0.0699566733889129
"Z27030",0.200053716645481
"Z27031",0.600678459350735
"Z27032",-0.827900376049456
"Z27033",-0.199947390392645
"Z27034",0.600000003811881
"Z27035",0.53737801363067
"Z27036",0.198010862181976
"Z27037",-9.12127131591085e-07
"Z27038",0.60000009295761
"Z27039",0.99963555746026
"Z27040",-9.15327892380216e-07
"Z27041",3.17461981599088
"Z27042",0.996540648935469
"Z27043",-0.972616830857838
"Z27044",-2.46031266408154
"Z27045",0.598829439601507
"Z27046",0.39979331567724
"Z27047",0.996919837939031
"Z27048",1.0029381847343
"Z27049",1.19863381315762
"Z27050",0.19999997125928
"Z27051",-1.15862223119691
"Z27052",-0.202532452259879
"Z27053",0.600659367861065
"Z27054",1.00021259524485
"Z27055",-0.200000000993606
"Z27056",0.198375512254613
"Z27057",-1.19861823210769
"Z27058",0.600000134229143
"Z27060",0.584590544933156
"Z27061",1.90602028663214
"Z27062",0.399596683757755
"Z27063",0.796232376870505
"Z27064",-0.00409279277205253
"Z27066",1.96687138464596
"Z27067",-1.04877044746641
"Z27068",0.199999996328116
"Z27069",1.12308543111772
"Z27070",1.20142490094092
"Z27071",2.18686838118395
"Z27072",-1.29969677014194
"Z27073",3.17461981599088
"Z27074",-0.399782498051512
"Z27075",-0.200003090677368
"Z27076",-0.186709339566137
"Z27077",-0.400014828026599
"Z27078",0.399999925584614
"Z27079",-1.58975199217793
"Z27080",0.799999793043473
"Z27081",0.573611522541091
"Z27082",0.599975283596779
"Z27083",2.75425798525585
"Z27084",-0.179012145924559
"Z27085",-1.21779991037798
"Z27086",0.599988585632056
"Z27087",0.970318661914033
"Z27088",0.400000000669545
"Z27089",-0.383375214334702
"Z27090",-0.199999994194789
"Z27091",-0.401610037440498
"Z27092",0.199997933179967
"Z27093",-0.394924452624804
"Z27094",-1.24141975000404
"Z27095",-0.673707550228603
"Z27096",-1.98400431645701
"Z27097",1.96471132946893
"Z27098",0.0225035247178257
"Z27099",0.601737878265299
"Z27100",-0.200688314834925
"Z27101",1.00603142314014
"Z27102",-0.20000003897151
"Z27103",-0.911260158854893
"Z27104",-2.97625454701006
"Z27105",-1.22153768880837
"Z27106",-0.201660730688968
"Z27107",1.83488200136047
"Z27108",2.38494318098131
"Z27109",-0.398065210467672
"Z27110",0.591741540044262
"Z27111",-1.15727604429353
"Z27113",-1.71709758373412
"Z27114",2.58542804903406
"Z27115",0.599850730335982
"Z27116",1.57238644289308
"Z27117",2.97495438836173e-07
"Z27118",-0.199999621877594
"Z27119",-0.994689698014413
"Z27120",1.01131873755484
"Z27121",1.68508929744499
"Z27122",-1.18089973337414
"Z27123",3.36039542369803e-07
"Z27124",0.199999593994845
"Z27125",0.600000327558435
"Z27126",1.30943363603022
"Z27127",1.85576585737673
"Z27128",0.399998390483287
"Z28001",-1.500694991089
"Z28002",0.999904071657927
"Z28003",-0.979235250390248
"Z28004",-0.638921788677735
"Z28006",-0.400017919198759
"Z28007",-0.404690754703672
"Z28008",-2.85336607516885
"Z28009",-1.56893107825221
"Z28010",-0.59054944945956
"Z28011",1.39810354101943
"Z28012",0.923933672726806
"Z28013",-0.997064282379664
"Z28014",0.399400386228327
"Z28015",1.06142517916454
"Z28016",1.39104296919284
"Z28017",-0.400008460559485
"Z28018",-2.32163515918323
"Z28019",0.625414755247647
"Z28020",0.199995723815737
"Z28021",1.19975618619107
"Z28022",-2.50662203549911
"Z28023",0.799432575317252
"Z28024",-2.21035219958758e-09
"Z28025",1.00112826782338
"Z28026",0.800001389056045
"Z28027",0.399997454305361
"Z28028",0.781932608692767
"Z28029",0.199999999007558
"Z28030",1.34447121326774
"Z28031",-0.20073878234501
"Z28032",0.621597419762571
"Z28033",0.799398620938667
"Z28034",0.600413434671817
"Z28035",-0.601216389140457
"Z28036",0.600001595788102
"Z28037",3.17461981599088
"Z28038",-0.400133249922031
"Z28039",-0.668453128466969
"Z28040",0.600000041101873
"Z28041",-1.00103350634568
"Z28042",-1.05367562986779
"Z28043",-1.58407451736943
"Z28044",0.600618886803909
"Z28045",1.19966909429728
"Z28046",0.991617029727985
"Z28047",0.401664529848404
"Z28048",0.400005714261032
"Z28049",1.52613097313843
"Z28050",3.17461981599088
"Z28051",1.00007279331021
"Z28052",0.199999989336589
"Z28053",-0.415736389113422
"Z28054",0.399963157419337
"Z28055",-0.400001020536316
"Z28056",0.600054399837871
"Z28057",1.3310514865077
"Z28058",1.65796710148146
"Z28059",2.0955585979434
"Z28060",0.400000057486586
"Z28061",-0.963702415893986
"Z28062",-0.399994414051392
"Z28063",-0.200000180289648
"Z28064",-0.201466421819956
"Z28065",-0.400196879324022
"Z28066",-0.516990094405748
"Z28067",-0.995085936520458
"Z28068",3.17461981599088
"Z28069",0.806292597526414
"Z28070",2.06399821327775
"Z28071",0.802496643664454
"Z28072",0.399999816057565
"Z28073",0.590791797534558
"Z28074",0.420669217324571
"Z28075",0.599999961163069
"Z28076",0.801235718801799
"Z28077",1.87057106696292
"Z28078",1.1985684929485
"Z28079",-0.000451314895813696
"Z28080",0.971243441432173
"Z28081",1.01499072986398
"Z28082",-2.26393026264695
"Z28083",-0.600699016861272
"Z28084",-0.53853182275852
"Z28085",-0.199999314277573
"Z28086",-0.200131940147398
"Z28087",-0.200001541815823
"Z28088",-0.568755792643204
"Z28089",-0.000335570769647286
"Z28090",-1.9737423011662
"Z28091",-3.00972975227384
"Z28092",-1.75214898061502
"Z28093",0.386076591734744
"Z28094",-0.200073503480139
"Z28095",-0.426832017006655
"Z28096",1.82078639894693
"Z28097",0.199999996173517
"Z28098",0.000156818529718924
"Z28099",-1.3434575864485
"Z28100",-0.391642574888956
"Z28101",-1.29151805939142
"Z28102",1.19997196678767
"Z28103",-0.802819496026606
"Z28104",-0.99012333176343
"Z28105",1.19965088796711
"Z28106",2.72910396620691
"Z28107",0.800310698341291
"Z28108",-2.02061007766233
"Z28109",-0.18666430511003
"Z28110",-1.09458759477434
"Z28111",-0.195815147670749
"Z28112",0.0325284041063458
"Z28113",0.399767623736561
"Z28114",2.706467122722e-08
"Z28115",0.200001267824702
"Z28116",-0.878138489790148
"Z28117",2.06686268306313
"Z28118",0.200000115826532
"Z28119",-0.200000003934067
"Z28120",-1.51929471362637
"Z28121",-1.1560155672117
"Z28122",-1.23739610554592
"Z28123",-0.199999926226897
"Z29001",0.999989915421435
"Z29002",-1.39225449311793
"Z29003",0.200000000474393
"Z29004",-1.7317432747321
"Z29005",0.20000011659547
"Z29006",0.400000100558505
"Z29007",1.19903334591115
"Z29008",0.800001724225459
"Z29009",1.20409169699279
"Z29010",-0.20138647123521
"Z29011",0.800000915043772
"Z29012",0.194524800895798
"Z29013",1.55519181967934
"Z29014",0.20006290155049
"Z29015",2.54506486803538
"Z29016",-0.599996385757348
"Z29017",2.65158958460224
"Z29018",0.400032133687652
"Z29019",0.599999798857568
"Z29020",1.00010829815693
"Z29021",-0.510197472684788
"Z29022",1.34181270080804
"Z29023",-0.200639948442107
"Z29024",1.20471487716018
"Z29025",-1.70920071324291
"Z29026",1.19604137248083
"Z29027",-1.00076260905727
"Z29028",0.199999916090712
"Z29029",-1.34660818917224
"Z29030",0.400881437261632
"Z29032",-0.79591893347779
"Z29033",2.36867561611991
"Z29034",0.200007923011115
"Z29035",1.39841992473717
"Z29036",0.399997824409819
"Z29037",0.99948847950972
"Z29038",3.17461981599088
"Z29039",0.399999981203592
"Z29040",-0.400421909295367
"Z29042",1.33137590279001
"Z29043",-7.44833548801082e-08
"Z29044",0.400000000558009
"Z29045",1.52869848024722
"Z29046",0.20000001275409
"Z29047",-0.200002425775683
"Z29048",0.40000000039035
"Z29049",-0.743173225028691
"Z29050",-0.200361134848691
"Z29051",0.200311122284816
"Z29052",-2.14024162622444
"Z29053",0.670055452794122
"Z29054",0.201426544381624
"Z29055",8.068892622464e-05
"Z29056",2.95999253822899
"Z29057",-0.446523537081414
"Z29058",0.799994825909656
"Z29059",9.04933709462549e-07
"Z29060",1.93907525260484
"Z29061",0.199998776879086
"Z29062",1.60446583620157
"Z29064",0.199993683211939
"Z29065",-2.02592047162581
"Z29066",1.37026541546522
"Z29067",0.597253197715223
"Z29068",1.77446161584283
"Z29069",1.00098845765392
"Z29070",-0.976321704776569
"Z29071",0.199998825072351
"Z29072",3.17461981599088
"Z29073",0.200539031860057
"Z29074",-0.0137630616039935
"Z29075",0.799999935739372
"Z29076",-0.000702138375277051
"Z29077",0.400000026945956
"Z29078",-0.199636445627264
"Z29079",1.92143677110161
"Z29080",-0.401108474437343
"Z29081",2.05194602238559
"Z29082",1.59778519413527
"Z29083",-1.41728085343788
"Z29084",2.49595942622598e-08
"Z29085",-0.705558204201401
"Z29086",0.799993413304904
"Z29087",0.20013372468881
"Z29088",-0.199901504081119
"Z29089",-0.812425416265841
"Z29090",0.399959128317655
"Z29091",0.188901248208473
"Z29092",2.23977497940367
"Z29093",0.200237400939795
"Z29094",-0.200017982222415
"Z29095",-0.00266933197209318
"Z29096",0.599994494031907
"Z29097",1.79115662371663
"Z29098",0.399536040936908
"Z29099",0.600000007320755
"Z29100",-0.796626893084968
"Z29101",-0.199999848751789
"Z29102",1.82399803505796
"Z29103",0.599532900461023
"Z29104",-1.02668064526118
"Z29105",-0.199998349947587
"Z29106",2.48335977494089
"Z29107",-0.781691335448939
"Z29108",1.39988710159308
"Z29109",-3.21586596871232
"Z29110",-0.945228335395561
"Z30001",0.999970587169434
"Z30002",-0.998378914863855
"Z30003",1.40216889785047
"Z30004",-0.18162393602575
"Z30005",1.40796871777735
"Z30006",0.600610759298716
"Z30007",-0.944517846870048
"Z30008",2.10853729892038
"Z30009",0.799999080834846
"Z30010",2.54632001909705
"Z30011",-1.17023707373523
"Z30012",-0.400003573012837
"Z30013",1.17453569394062
"Z30014",0.60000001298039
"Z30015",0.399999998102092
"Z30016",1.62749160628552
"Z30017",1.95431326090105
"Z30018",1.00382842745723
"Z30019",2.33751152534362
"Z30020",1.71490572345644
"Z30021",0.399999998488793
"Z30022",1.18646803435444
"Z30023",-1.72682395533734
"Z30024",0.400000000780463
"Z30025",-1.97764696720096
"Z30026",-0.161973099040743
"Z30027",3.17461981599088
"Z30028",1.48941053097097
"Z30029",0.600051970040978
"Z30030",0.71413372971142
"Z30031",-0.400004793527915
"Z30032",1.8349602661696
"Z30033",-1.36276353343851
"Z30034",0.200000154632334
"Z30035",0.199999999934476
"Z30036",-0.799712364066952
"Z30037",0.199312722828725
"Z30038",0.711103776800672
"Z30039",3.17461981599088
"Z30040",1.2634991803049
"Z30041",0.800006406197132
"Z30042",-0.393284071108332
"Z30043",-1.48348923658317
"Z30044",1.4052434117908
"Z30045",0.999995411008014
"Z30046",0.811445164407748
"Z30047",1.38959239289422
"Z30048",1.64721009063433
"Z30049",1.40352542991279
"Z30050",3.17461981599088
"Z30051",1.69582548267604
"Z30052",0.800010555873188
"Z30053",1.70400124536958
"Z30054",0.399980036660366
"Z30055",0.600001444815908
"Z30056",0.999994554525291
"Z30057",0.624427045411534
"Z30058",0.00650579564888669
"Z30059",1.25488482102535
"Z30060",1.86548702415388
"Z30061",0.800000093411518
"Z30062",0.600000003948412
"Z30063",2.24623692753916
"Z30065",1.22570960832232
"Z30066",0.00399367532078289
"Z30067",-2.0483723864626
"Z30068",0.999896815899268
"Z30069",1.01161371119212
"Z30070",1.59721585822183
"Z30071",0.198937001173194
"Z30072",0.800078738091215
"Z30073",0.8000005258257
"Z30074",-0.200025773095886
"Z30075",-0.217769205464429
"Z30076",1.46866564004879
"Z30077",0.907374693329009
"Z30078",0.400054714427605
"Z30079",-0.404326361466933
"Z30080",1.20025058810226
"Z30081",-2.13933930218634
"Z30082",1.3730156566424
"Z30083",-1.64907830808517
"Z30084",1.00598100693164
"Z30085",0.25140558320726
"Z30086",3.17461981599088
"Z30087",-0.402081387526253
"Z30088",0.773187025937018
"Z30089",1.00129567867856
"Z30090",0.817117835009771
"Z30091",0.799997818053444
"Z30092",0.197887741053805
"Z30093",2.06474071313099
"Z30094",0.999631964717338
"Z30095",1.59842971891127
"Z30096",-2.36292408667947e-09
"Z30097",-0.400001816468539
"Z30099",-1.19446964784571
"Z30100",0.394999974014156
"Z30101",-0.199999977325517
"Z30102",-1.60358668258684
"Z30103",0.799997130304487
"Z30104",0.600000292685872
"Z30105",1.37937524103499
"Z30106",-0.796993469605462
"Z30107",-0.795398291630429
"Z30108",-2.2211749803655e-10
"Z30109",-1.55502481803396
"Z30110",-1.49476942222741
"Z30111",2.35746547417325
"Z30113",-1.00700924930553e-08
"Z30114",-0.199999991654219
"Z30115",1.00000553116639
"Z30116",-0.399991609322746
"Z30117",0.800004579363174
"Z30118",-1.92841579917995
"Z30119",1.00014118029481
"Z30120",0.599962317043873
"Z30121",1.81593432088631
"Z30122",-1.00673304112893
"Z30123",2.01839883343601
"Z30124",1.59007841663005e-09
"Z30125",-0.400846464783745
"Z30126",1.59032184295658
"Z30128",1.00526673125611
"Z30129",3.17461981599088
"Z30130",-4.47503728523052e-09
"Z30131",-0.384169070620327
"Z30132",0.600003382957315
"Z30133",0.599966988108987
"Z30134",-0.199999912884882
"Z30136",0.199989975144061
"Z30137",1.19935688223676
"Z30138",-0.405234561430032
"Z30139",-1.60336986481248
"Z30140",0.200000061628903
"Z31001",0.200000034432187
"Z31002",1.59947052279265
"Z31003",1.00000813425689
"Z31004",2.32247787779719
"Z31005",-1.20734324721406e-08
"Z31006",0.213281156542089
"Z31008",-0.519952088978987
"Z31009",1.20033576787717
"Z31010",1.19970564761054
"Z31011",2.69594708446159
"Z31012",2.01796364419314
"Z31013",1.90547703488957
"Z31014",0.797372605357973
"Z31015",-1.31666308812784
"Z31016",1.92618726083326
"Z31017",-2.25524638321322
"Z31018",-0.801197549026052
"Z31019",-1.36291922433928e-06
"Z31020",1.61763440326468
"Z31021",1.20098397570624
"Z31022",0.399840204761577
"Z31023",0.399999981859138
"Z31024",1.57960367703154
"Z31025",-0.876524457774764
"Z31026",0.802240232628949
"Z31027",2.78878237992736
"Z31028",0.845804150184783
"Z31029",0.400000054257137
"Z31030",0.801651757120573
"Z31031",1.98214103830222
"Z31032",1.20901319222785
"Z31033",6.62332113182519e-06
"Z31034",2.03703791608635
"Z31035",0.200000001792367
"Z31036",-1.17121579307519
"Z31037",1.13219776151797
"Z31038",2.01612025109581
"Z31039",0.999832955355619
"Z31040",1.82415920566333
"Z31041",0.59999999606323
"Z31042",0.800532485854498
"Z31043",1.4916538298471
"Z31044",1.19514030546226
"Z31045",0.800000319568526
"Z31046",-0.399958088102155
"Z31047",2.28163714082433
"Z31048",1.32020167761486
"Z31049",0.77447960584743
"Z31050",-0.200001462229153
"Z31051",1.20021030893959
"Z31052",1.16194232075377e-07
"Z31053",2.31559467795533
"Z31054",2.92563791555224
"Z31055",0.000207475661049551
"Z31056",2.50149923496405
"Z31057",-0.399960354218957
"Z31058",-0.807211126266192
"Z31059",1.00028968858193
"Z31060",1.00859967826864
"Z31061",0.599280190346456
"Z31062",1.88762853767554
"Z31063",0.567485055205557
"Z31064",-0.649269522798921
"Z31065",0.800815682871075
"Z31066",-1.71637265562129
"Z31067",-2.38337712563269
"Z31068",1.00253535896686
"Z31069",2.57893411702877
"Z31070",0.400000006221121
"Z31071",-1.61635376912196
"Z31072",-0.200000103193543
"Z31073",-0.996469949382892
"Z31074",-2.02480831823286
"Z31075",0.400036131158947
"Z31077",1.36421098103785
"Z31078",0.200000023582054
"Z31080",1.19994302844074
"Z31081",0.799878026606053
"Z31083",2.13699239506791
"Z31084",2.40851551617045
"Z31085",0.603357290494166
"Z31086",1.67882884073296
"Z31087",-0.806074858118796
"Z31088",1.77319746479194
"Z31089",0.999946217050058
"Z31090",0.990591417780544
"Z31091",0.602905939181512
"Z31092",-0.602033778894682
"Z31093",-1.66241766812602
"Z31094",-0.975699135755897
"Z31095",0.957442777846269
"Z31096",1.63743817090312
"Z31097",1.4877727666845
"Z31098",0.800099001532898
"Z31099",-1.67904049422794
"Z31100",1.92014323219895
"Z31101",0.80011817530847
"Z31102",1.21383945005772
"Z31103",0.199979873288313
"Z31104",1.72823098819342
"Z31105",0.41318088451477
"Z31106",-0.598289741728941
"Z31107",1.00039728516412
"Z31108",1.19979963244784
"Z31109",-0.599696287219468
"Z31110",-0.600055417044795
"Z31111",0.399999999380696
"Z31112",-0.822359906374004
"Z31113",1.39258140643845
"Z31114",2.10109036459332
"Z31115",1.41687156139437
"Z31116",1.58264121470689
"Z31117",-0.348953287126477
"Z31118",-2.04489170689444
"Z31119",2.83543025573674
"Z31120",-0.400225574892683
"Z32001",0.599999641539483
"Z32002",0.599999982403612
"Z32003",0.60000000327875
"Z32004",1.19990963939699
"Z32005",2.15776736678914
"Z32006",1.57763016584654
"Z32007",2.52804730974113
"Z32008",-0.400000968658237
"Z32009",1.00818756634768
"Z32010",0.39804409744056
"Z32011",0.400000010548263
"Z32012",0.399999987597845
"Z32013",1.03820471694199
"Z32014",1.89084530372523
"Z32015",1.00039375530902
"Z32016",0.399999986211675
"Z32017",0.80070848594752
"Z32018",0.799993996034456
"Z32019",3.17461981599088
"Z32020",0.400000067050655
"Z32021",0.999657732262432
"Z32022",-0.400002255379927
"Z32023",1.20294458274487
"Z32024",3.9065009005578e-05
"Z32025",1.59648204581098
"Z32026",-1.3885621758735
"Z32027",0.400010822891168
"Z32028",1.59390658624273
"Z32029",0.200000008035049
"Z32030",-0.200018040579922
"Z32032",1.89807018876759
"Z32033",1.40404218620348
"Z32034",-0.202096124300166
"Z32035",0.800004088808416
"Z32036",1.19065671087576
"Z32037",-1.34087124806222
"Z32038",0.999875789339947
"Z32039",0.799999533381612
"Z32040",0.172619180498572
"Z32041",-0.798601148504423
"Z32042",1.02312033427343
"Z32043",-0.199999931350091
"Z32044",-0.399997047864951
"Z32045",1.40163160996775
"Z32046",0.38079331781102
"Z32047",-0.000112311679395537
"Z32048",0.400000003426176
"Z32049",0.588065489254133
"Z32050",-0.200000331525834
"Z32051",-3.10209712347791e-09
"Z32052",-0.399994756865445
"Z32053",2.36177169893462
"Z32054",1.25756687699328
"Z32055",-0.400003972213514
"Z32057",0.800599238843489
"Z32058",1.39724927869154
"Z32059",1.46332354244683
"Z32060",-1.59430882655666
"Z32061",1.19996972721636
"Z32062",0.177287077685098
"Z32063",2.4062862871611
"Z32064",-2.2562426657468
"Z32065",2.52845828791766
"Z32066",1.56018709138493
"Z32067",1.49496620842913
"Z32068",0.200000542692786
"Z32069",1.2013169972009
"Z32070",-0.800111480040205
"Z32071",0.400100600879769
"Z32072",1.0121638157962
"Z32073",-2.16788348611328
"Z32074",0.400156570051305
"Z32075",0.953807800065385
"Z32076",3.17461981599088
"Z32077",-0.200000656548914
"Z32078",0.400000012389933
"Z32079",1.19978202879576
"Z32080",-0.400004388783848
"Z32081",0.799999980587535
"Z32082",1.66532258622508
"Z32083",1.2003762582245
"Z32084",-0.400031798779687
"Z32085",1.00000426126309
"Z32086",0.59999999318005
"Z32088",0.79994365915833
"Z32089",-2.88540636822315e-08
"Z32090",0.599987528070663
"Z32091",-0.200022951842055
"Z32092",1.93590852411306
"Z32093",1.40101630072356
"Z32094",-0.200815507162121
"Z32095",1.00417961006939
"Z32096",1.00496373166788
"Z32098",-0.523083884757816
"Z32099",-0.785409307801308
"Z32100",1.61765260697992
"Z32102",1.20042971773399
"Z32103",-0.600087906044077
"Z32104",2.28063725064472
"Z32105",0.598660405172257
"Z32106",0.609834898193982
"Z32107",0.400134572079642
"Z32108",1.39862647337013
"Z32109",0.839269431955402
"Z32110",1.74159240031344
"Z32111",-1.0619872898574
"Z32112",3.17461981599088
"Z32113",2.73262548766803
"Z32114",-0.60012025101476
"Z32115",0.600004691380049
"Z32116",0.799996757772865
"Z32117",1.61557640324562
"Z32118",-1.3880374228255
"Z32119",0.800005786469269
"Z32120",0.925769281945513
"Z32121",1.69775926664108
"Z32122",0.0346357299189425
"Z32123",-0.20000789424865
"Z32124",-0.599785729993831
"Z32125",-1.53800013180586
"Z32126",1.00004048326946
"Z32127",0.400000021207634
"Z32128",1.94968012563137
"Z32129",1.00397007617156
"Z32130",1.60610309398504
"Z32131",1.40015720935552
"Z32132",-0.599802670449109
"Z32133",0.798900340658815
"Z33001",0.800001463278715
"Z33002",-0.880179463522213
"Z33004",1.85587648253344
"Z33005",-0.800800663946997
"Z33006",0.800031819291653
"Z33007",1.3710606779634
"Z33008",1.19814396411154
"Z33009",0.800002241868533
"Z33010",-4.90185344154997e-06
"Z33011",0.997025212904101
"Z33012",-0.399996167501023
"Z33013",0.200000067007136
"Z33014",-0.199998730316861
"Z33016",1.2001578120286
"Z33017",1.03446654216069
"Z33018",0.910587251767186
"Z33019",3.17461981599088
"Z33020",1.70599541762857
"Z33021",0.798970294193085
"Z33022",0.1999999941856
"Z33023",1.5760620453921
"Z33024",0.400000020607501
"Z33025",0.799999209199912
"Z33026",1.20031957653604
"Z33027",0.600000710552667
"Z33028",-1.34010002899074
"Z33029",1.20813859288243
"Z33030",1.58753007179705
"Z33031",3.17461981599088
"Z33032",1.53964994887271
"Z33033",1.3450641103563
"Z33034",2.27534241638761
"Z33035",1.70812877148491
"Z33036",-5.0144981817951e-07
"Z33037",2.02605240239466
"Z33038",0.400000004560074
"Z33039",0.996145099034946
"Z33040",0.600000256234926
"Z33041",1.39477163991018
"Z33042",-3.05007596664126e-08
"Z33043",2.19183594106365
"Z33045",0.999409234287437
"Z33046",0.399999833006863
"Z33047",0.999954218550075
"Z33048",2.35482904392273
"Z33049",2.71666333893557
"Z33050",2.72097319423581
"Z33051",0.601432406329517
"Z33052",0.399999999006408
"Z33053",1.13122444562555
"Z33054",0.399999966002753
"Z33055",-0.794073973273616
"Z33056",0.599996139928963
"Z33058",0.800113836263641
"Z33059",0.803904226602614
"Z33060",0.799992023370601
"Z33061",-0.199999958454514
"Z33062",1.38861411232434
"Z33063",2.84745157676167
"Z33064",-0.437469659678942
"Z33065",0.600000610405195
"Z33066",0.9999841458623
"Z33067",2.63692234407703
"Z33068",-0.0500506427379292
"Z33069",0.668757389810795
"Z33070",0.00132118842030321
"Z33071",-0.399999510794331
"Z33072",0.399999999977263
"Z33073",3.17461981599088
"Z33074",3.17461981599088
"Z33075",-0.399998829557087
"Z33076",0.200607999280138
"Z33077",0.200000034543486
"Z33078",0.200000211634034
"Z33079",-2.08751706309866e-06
"Z33080",1.21175048582961
"Z33081",0.799999495653495
"Z33082",2.03264697997233
"Z33083",0.999988209871844
"Z33084",1.67423969895508
"Z33085",-1.54181185554926
"Z33086",0.597068097372302
"Z33087",1.00001114995947
"Z33088",1.00002730474088
"Z33089",1.19972031664429
"Z33090",-0.199915829756988
"Z33091",1.69783163067636
"Z33092",-2.77184561547553
"Z33093",2.03821031041272
"Z33094",1.78262694010389e-07
"Z33095",0.800002892072171
"Z33096",3.17461981599088
"Z33097",-0.399998052155062
"Z33098",-0.783234518942972
"Z33099",0.399818876918247
"Z33100",1.19643418704533
"Z33101",1.40573399890015
"Z33102",0.556937073473669
"Z33103",2.993022421853
"Z33104",1.38000515122524
"Z33105",1.19915460926116
"Z33106",-0.000140503979607628
"Z33107",1.00001011430327
"Z33108",0.998026945201192
"Z33109",2.63975244069957
"Z33110",-6.19841981660478e-05
"Z33111",0.199999994490206
"Z33112",-1.1995167937075
"Z33113",0.80002259381456
"Z33114",0.99912491883305
"Z33115",2.17589100841751
"Z33116",1.39940471427481
"Z33117",0.00277312716043519
"Z33118",5.66828940323525e-05
"Z33119",-0.526241104700245
"Z33120",2.78062071827465
"Z33121",1.19764760132506
"Z33122",1.59647548107099
"Z33123",1.64213357764616
"Z33124",0.399999998914239
"Z33125",1.57590426575003
"Z33126",3.17461981599088
"Z33127",0.599996925772811
"Z33128",-0.486388514719878
"Z33129",-0.399762151056169
"Z33130",-0.199999980311347
"Z33131",1.90456589553257
"Z34001",0.599999567251019
"Z34002",0.999980495266475
"Z34003",0.199999996320577
"Z34004",2.59973413012581
"Z34005",1.43254210785627
"Z34006",1.00576113691912
"Z34007",1.00002912090705
"Z34008",1.00001907941362
"Z34009",1.84497955304562
"Z34010",1.00000658952088
"Z34011",-0.40571028045904
"Z34012",1.00016160232048
"Z34013",1.32135461384379
"Z34014",1.01009286855492
"Z34015",3.17461981599088
"Z34016",0.799972902479234
"Z34017",0.60000013151601
"Z34018",-1.07013427498958
"Z34019",1.88317591167302
"Z34020",1.36664737337153
"Z34021",1.82687335939377
"Z34022",-0.200000011988587
"Z34023",1.67906063116091
"Z34024",1.40458673327574
"Z34025",3.0569972202898
"Z34026",-1.22119018247533
"Z34027",1.79507558457301
"Z34028",3.17461981599088
"Z34029",-1.55881820394785
"Z34030",1.20091782435714
"Z34031",1.31558591426023
"Z34032",2.07951126936559
"Z34033",1.19556910937005
"Z34034",1.00045093682489
"Z34035",0.400000001203353
"Z34036",1.59530776082856
"Z34037",1.09091719441093
"Z34038",1.29320304039562
"Z34039",-0.798712429330821
"Z34040",0.80000371717762
"Z34041",3.17461981599088
"Z34042",0.200000000868205
"Z34043",0.199999254342412
"Z34044",0.600000162852422
"Z34045",1.00000332891117
"Z34046",2.29009190203995
"Z34047",1.0069302060099
"Z34048",2.3034292949203
"Z34049",0.800000002465706
"Z34050",1.59115298141307
"Z34051",1.008051267322
"Z34052",0.399956371863286
"Z34053",1.16912594160796
"Z34054",0.400000153921839
"Z34055",1.63122157225481
"Z34056",1.21665418458544
"Z34057",1.62683402860692
"Z34059",1.19796345087838
"Z34060",1.77898815531694
"Z34062",1.90709743898925
"Z34063",0.79995721794717
"Z34064",1.50629277403203
"Z34065",-0.811395579995203
"Z34066",-0.803315263104562
"Z34067",0.40010786257119
"Z34068",1.28378087231779
"Z34069",0.799999896393851
"Z34071",1.78110423556654
"Z34072",1.58337126504754
"Z34073",0.799999606036332
"Z34074",1.34231665201949
"Z34075",1.87171362863356
"Z34076",1.31567722313246e-08
"Z34077",1.33826407546668
"Z34078",2.12148683717606
"Z34079",-1.00350360122626
"Z34080",1.00056129652307
"Z34081",2.34219994101939
"Z34082",-0.0184364193365762
"Z34083",1.00001594462138
"Z34084",-0.199435253055044
"Z34085",0.800211407076527
"Z34086",2.59689942168007
"Z34087",0.99996554915969
"Z34088",0.00437909382926894
"Z34089",0.799958289080572
"Z34090",0.79999963765393
"Z34091",3.17461981599088
"Z34092",1.38589889039482
"Z34093",2.19271288029213
"Z34094",0.999324811659304
"Z34095",2.57865662053051
"Z34096",0.399999997602023
"Z34097",-0.199999993187184
"Z34098",2.04818255491522
"Z34099",0.200000013055891
"Z34100",0.599990919328835
"Z34101",0.998927507809869
"Z34102",1.00284557408405
"Z34103",0.400000001277817
"Z34105",0.600018672722633
"Z34106",1.86684698395566
"Z34107",3.17461981599088
"Z34108",0.0227812469318933
"Z34109",0.199992515651618
"Z34110",1.20035043580835
"Z34111",0.599999569900066
"Z35001",1.99435541490508
"Z35002",-0.9206074431277
"Z35003",3.17461981599088
"Z35004",-2.18700513406161
"Z35005",0.800009158310958
"Z35006",2.15500383799153
"Z35007",1.73891962911887
"Z35008",1.00347442783742
"Z35009",0.600000515774839
"Z35010",0.200187424621883
"Z35011",1.62425661957287
"Z35012",0.599947358794778
"Z35013",1.65621240995887
"Z35014",0.800002720863489
"Z35015",1.39531485700476
"Z35016",0.200000051395383
"Z35017",2.40651465833146
"Z35018",1.97291015549551
"Z35019",0.60000000120683
"Z35020",0.998805727741571
"Z35021",3.17461981599088
"Z35022",0.800244005641229
"Z35023",2.83296763911951
"Z35024",-1.74627172316717
"Z35025",3.17461981599088
"Z35026",2.05198712786898
"Z35027",-1.57319608458251
"Z35028",-0.490097095677761
"Z35029",0.199999997838865
"Z35030",1.82740821797288
"Z35031",-0.199999606098411
"Z35032",3.0569972202898
"Z35034",2.95999253822899
"Z35035",3.17461981599088
"Z35036",-0.411218567098184
"Z35037",1.59320835662891
"Z35038",2.01993836439175
"Z35039",1.41471764892749
"Z35040",1.39463671004038
"Z35041",1.77611556150613
"Z35042",0.200001267510198
"Z35043",1.2546285335885
"Z35044",0.800586331436875
"Z35045",-1.39615431429968
"Z35046",3.17461981599088
"Z35047",-0.240711414716838
"Z35048",1.65541199602295
"Z35049",2.48052733714146
"Z35050",0.19999999973837
"Z35051",1.00153518437385
"Z35052",0.599999987385811
"Z35053",0.617506265476208
"Z35054",-0.410464852790714
"Z35055",0.778835746202851
"Z35056",-0.599946803673641
"Z35057",2.35682121985248
"Z35058",3.17461981599088
"Z35059",1.30715310463471
"Z35060",2.94344719925242
"Z35061",-1.44214223869622
"Z35062",1.41090410537962
"Z35063",1.40951627877509
"Z35064",1.62757866977727
"Z35065",-0.389706027162276
"Z35066",0.400004641950649
"Z35067",1.37682440832519
"Z35068",0.799983757296113
"Z35069",0.580089903263831
"Z35070",-0.949802747772507
"Z35071",3.17461981599088
"Z35072",1.00305033341287
"Z35073",0.200012297975333
"Z35074",1.00155499590739
"Z35075",0.799999966163981
"Z35076",2.24417816861041
"Z35077",1.344240951455
"Z35078",-1.47353446884939
"Z35079",1.19325368099033
"Z35080",0.399999987908066
"Z35081",1.32816690023547
"Z35082",2.89244728780787
"Z35083",0.995657431423959
"Z35084",-0.617519334464911
"Z35085",0.248867505934639
"Z35086",1.9510048730209
"Z35087",1.98674709812891
"Z35088",1.39217576888391
"Z35089",1.24135685126786
"Z35090",1.0005624203733
"Z35091",1.41720572766318
"Z35092",1.22171753854909
"Z35093",0.999757132978515
"Z35094",-0.388596488023935
"Z35095",1.60363411954149
"Z35096",1.20002060281375
"Z35097",1.89073853965758
"Z35098",1.20003584522885
"Z35099",0.199999999828614
"Z35100",0.400000000920729
"Z35101",0.597113539924736
"Z35102",3.17461981599088
"Z35103",1.00013928069027
"Z35104",1.48645357672689
"Z35105",1.81431843667983
"Z35106",1.41215817948556
"Z35107",3.08096382899272
"Z35108",0.800002470786586
"Z35109",1.33740228487245
"Z35110",1.61784373311633
"Z35111",1.3283227109566
"Z35112",1.00110622237631
"Z35113",3.17461981599088
"Z35114",2.71521928607245
"Z35115",1.40527104708132
"Z35116",1.19936518779249
"Z35117",0.399496416517522
"Z35118",3.17461981599088
"Z35119",3.17461981599088
"Z35120",3.17461981599088
"Z35121",1.20007721172695
"Z35122",-0.000359266810808299
"Z35123",1.00130048979088
"Z35124",1.64366031048573
"Z35125",0.800411979738599
"Z35126",-1.61086620128581
"Z35127",1.19996745194953
"Z35128",0.199999995469003
"Z35129",0.809088622996152
"Z35130",-0.200000002073329
"Z35131",-0.461379227751238
"Z35132",-0.40000155320135
"Z35133",0.399999999986164
"Z35134",1.00013546739383
"Z35135",3.17461981599088
"Z35136",1.20222455848283
"Z36001",1.00516680449976
"Z36002",0.799983493843247
"Z36003",1.46957148982974
"Z36004",1.82552491002328
"Z36005",1.02167669934385
"Z36006",2.11338561420308
"Z36007",1.60721538864293
"Z36008",1.20016769573361
"Z36009",1.53726585582276
"Z36010",0.60000024443954
"Z36011",1.27310011321945
"Z36012",-1.41033560201686
"Z36013",1.76118565494837
"Z36014",2.13282540000039
"Z36015",0.593879337150675
"Z36016",2.46123399202188
"Z36017",0.400000000756767
"Z36018",1.00380007320348
"Z36019",1.5671552326479
"Z36020",-0.222519600122614
"Z36021",0.399999999887085
"Z36022",2.38697571010494
"Z36023",0.799459445243549
"Z36024",2.22566879404721
"Z36025",1.20373604756109
"Z36026",-0.886953958918631
"Z36027",1.00002802605502
"Z36028",1.19023364804683
"Z36029",1.60965597440895
"Z36030",3.17461981599088
"Z36031",-0.00911472401404255
"Z36032",1.82922098123307
"Z36033",1.00007834493483
"Z36034",1.00021926801735
"Z36035",1.43281314628718
"Z36036",2.55206196369379
"Z36037",2.35424862728101
"Z36038",0.599999998846991
"Z36039",-1.22304179088676
"Z36040",3.17461981599088
"Z36041",1.73444236521455
"Z36042",2.6644895117813
"Z36043",0.399999999176331
"Z36044",2.40556265612121
"Z36045",0.800576931400562
"Z36046",1.56874030906478
"Z36048",3.17461981599088
"Z36049",0.19990731149544
"Z36050",1.00155751913169
"Z36051",1.19640134683373e-10
"Z36052",2.27900011337902
"Z36053",0.799925487626377
"Z36054",1.38016091699393
"Z36055",2.32072513485183
"Z36056",0.80102002510578
"Z36057",-0.1999998862377
"Z36058",-0.804700013982641
"Z36059",-1.85725096634686
"Z36060",2.50157018111984
"Z36061",2.91626204034984
"Z36062",0.738458161020223
"Z36063",0.601047560892725
"Z36064",1.3230193675841
"Z36066",-0.199998341750455
"Z36067",2.0848053636401
"Z36068",1.88099047178767
"Z36069",0.000605472861019539
"Z36070",2.41770818428709
"Z36071",1.8733722571351
"Z36072",1.25246875437499
"Z36073",1.83005381546952
"Z36074",0.79351116986165
"Z36075",0.199999979895209
"Z36076",2.07156451942296
"Z36078",1.39994231543294
"Z36079",-0.792056693017753
"Z36080",1.40844855941399
"Z36081",-0.602636249278551
"Z36082",2.04419549462667
"Z36083",-0.599947886060977
"Z36084",1.70713336543208
"Z36085",0.599999863352625
"Z36086",0.600000004556605
"Z36087",1.19990503013168
"Z36088",2.44039524143809
"Z36089",1.59579335549451
"Z36090",3.17461981599088
"Z36091",3.17461981599088
"Z36092",3.17461981599088
"Z36093",0.399999544828314
"Z36095",0.815922952665023
"Z36096",0.815054931719043
"Z36097",1.19946638396995
"Z36098",0.999983482353815
"Z36099",2.4680732828853
"Z36100",3.17461981599088
"Z36101",1.20182381666332
"Z36102",1.12446807491306
"Z36103",-0.204578349965566
"Z36104",1.42240241310159
"Z36105",1.49315647764552
"Z36106",0.79999924331784
"Z36107",-0.801841989030164
"Z36108",-0.400000199257344
"Z36109",-1.24606971940535
"Z36110",2.09480276987113
"Z36111",3.17461981599088
"Z36112",0.800003747175807
"Z36113",-0.200000000282652
"Z36114",0.00722048712818312
"Z36115",1.00000065944911
"Z36116",0.200000002184275
"Z36117",0.19972773136414
"Z36118",-0.199999329831411
"Z36119",2.63403056674889
