"Numer","NumerSiG","Pozycja","a1","d","Kategoria"
"1",1,"gę.gę",0.924507451331421,0.318679575239733,"Z01.odgłosy"
"2",2,"hau.hau",1.04185698688044,2.80537193847356,"Z01.odgłosy"
"3",3,"ko.ko.ko",0.935634801255535,2.04314378854096,"Z01.odgłosy"
"4",4,"kwa.kwa",1.15200003028754,1.38975625305541,"Z01.odgłosy"
"5",5,"miau",1.06754488073726,2.68384578641916,"Z01.odgłosy"
"6",6,"mee.bee",0.986304107537454,1.55288656850634,"Z01.odgłosy"
"7",7,"muu..krowa.",1.05611549746204,2.38629419174768,"Z01.odgłosy"
"8",8,"pi.pi.pi.ćwir.ćwir",0.846186400250023,0.635573016615237,"Z01.odgłosy"
"9",9,"bam.bum.bęc",0.574024117567201,1.33262685178459,"Z01.odgłosy"
"10",10,"brrum.brrum",0.619530448756711,1.52301144746632,"Z01.odgłosy"
"11",11,"tik.tak",1.18658513465793,0.660527918837395,"Z01.odgłosy"
"12",12,"tralala.lalala",0.855465910064447,0.759934496073638,"Z01.odgłosy"
"13",13,"baran",1.80739341312497,-0.388708920992847,"Z02.zwierzęta"
"14",14,"biedronka",2.66912314202487,-0.112269746924591,"Z02.zwierzęta"
"15",15,"bocian",2.17338043228015,-0.516330152601435,"Z02.zwierzęta"
"16",NA,"foka",1.89553303116623,-0.943594095375345,"Z02.zwierzęta"
"17",16,"gęś",1.57790501959629,-0.787865922882312,"Z02.zwierzęta"
"18",NA,"gołąb",1.91228068522384,-0.956377376313639,"Z02.zwierzęta"
"19",17,"jeż",2.14631949240812,-0.741604151830839,"Z02.zwierzęta"
"20",18,"kaczka",1.94100118825583,0.974926266370221,"Z02.zwierzęta"
"21",19,"kogut",1.74941679212001,-0.0863448459451877,"Z02.zwierzęta"
"22",20,"koń",2.06709730675827,1.54403430486334,"Z02.zwierzęta"
"23",21,"kot",1.95598496132567,2.93666075846554,"Z02.zwierzęta"
"24",22,"koza",1.99654807012114,-0.317589759764976,"Z02.zwierzęta"
"25",23,"krowa",2.06581773240216,1.56316437753503,"Z02.zwierzęta"
"26",24,"królik",2.34498420027925,-0.160227597798038,"Z02.zwierzęta"
"27",25,"kura",2.00750618586732,1.63523882467052,"Z02.zwierzęta"
"28",NA,"kurczątko",1.58408117729304,-1.43572488495253,"Z02.zwierzęta"
"29",26,"lew",2.11044106638845,0.285670299801704,"Z02.zwierzęta"
"30",27,"lis",2.02287213553818,-0.413072203120164,"Z02.zwierzęta"
"31",28,"małpa",2.27764115869111,0.18879742927708,"Z02.zwierzęta"
"32",29,"miś.niedźwiedź",1.80701153866276,1.04643774302661,"Z02.zwierzęta"
"33",NA,"motylek",2.75234941271334,-0.188622902277102,"Z02.zwierzęta"
"34",NA,"mrówka",2.66715122065667,-1.08111209440152,"Z02.zwierzęta"
"35",30,"mucha",2.31245285518137,1.05654380354845,"Z02.zwierzęta"
"36",31,"myszka",2.53032230480751,0.384401708314298,"Z02.zwierzęta"
"37",NA,"pająk",2.53906907866936,-0.617812422765223,"Z02.zwierzęta"
"38",32,"pies",1.87492975171624,2.36141810395427,"Z02.zwierzęta"
"39",33,"pingwin",2.2509084389112,-1.29313866196238,"Z02.zwierzęta"
"40",34,"ptaszek",2.35853959099138,0.673676884196872,"Z02.zwierzęta"
"41",35,"robak",2.69671131790085,-0.529677009842374,"Z02.zwierzęta"
"42",36,"ryba",2.57858940631603,1.25397326586899,"Z02.zwierzęta"
"43",37,"słoń",2.40798057423909,0.292890282929629,"Z02.zwierzęta"
"44",38,"sowa",1.93951654198587,-0.499683261622382,"Z02.zwierzęta"
"45",39,"ślimak",2.71819720918405,-0.520323333418159,"Z02.zwierzęta"
"46",40,"świnka",2.24365365191934,0.323162924781786,"Z02.zwierzęta"
"47",41,"tygrys",2.19695384873275,-0.828926097608916,"Z02.zwierzęta"
"48",NA,"wąż",2.11340850817706,-0.640049902732019,"Z02.zwierzęta"
"49",42,"wiewiórka",2.56404612956097,-1.2282586379973,"Z02.zwierzęta"
"50",43,"wilk",2.19392332744228,-0.905883294447087,"Z02.zwierzęta"
"51",44,"zając",2.53729699610358,-0.954461305445196,"Z02.zwierzęta"
"52",NA,"zwierzątko",2.87509836768613,-1.57751150673883,"Z02.zwierzęta"
"53",45,"żaba",2.3196924702937,0.901671256172456,"Z02.zwierzęta"
"54",46,"żółw",2.47225810676383,-0.680476151213658,"Z02.zwierzęta"
"55",47,"żyrafa",2.47679690285607,-0.661435577716804,"Z02.zwierzęta"
"56",48,"auto.samochód",2.14388053796372,3.73203790089731,"Z03.pojazdy"
"57",49,"autobus",2.14484788758644,0.460331167613299,"Z03.pojazdy"
"58",NA,"ciężarówka",1.51546104241693,-0.942084697047773,"Z03.pojazdy"
"59",NA,"helikopter",1.68132445234649,-1.05505378051191,"Z03.pojazdy"
"60",NA,"koparka",1.7332153978494,-0.152884200874272,"Z03.pojazdy"
"61",NA,"lokomotywa",1.30021967367205,-0.901726632062668,"Z03.pojazdy"
"62",50,"motor.motocykl",2.25965560872584,0.287682545552887,"Z03.pojazdy"
"63",51,"pociąg",1.9895751668382,0.821145319217391,"Z03.pojazdy"
"64",NA,"pogotowie.karetka",1.50025916880058,-0.416490350935994,"Z03.pojazdy"
"65",52,"rower",2.85583323151526,1.02100934743037,"Z03.pojazdy"
"66",53,"samolot",2.64544114932125,0.913729586027201,"Z03.pojazdy"
"67",54,"statek",2.55913467144023,-0.704110806978098,"Z03.pojazdy"
"68",55,"traktor",1.65909257878062,0.503252825225997,"Z03.pojazdy"
"69",56,"tramwaj",1.51409925014135,-1.35451486313146,"Z03.pojazdy"
"70",57,"banan",2.760117772403,1.85286148228638,"Z04.pokarmy"
"71",NA,"barszcz",1.98847157233561,-2.31071690726818,"Z04.pokarmy"
"72",NA,"batonik",2.1177328975743,-0.82751358632359,"Z04.pokarmy"
"73",58,"budyń",2.23665849990114,-1.04451818787876,"Z04.pokarmy"
"74",59,"bułka",2.75343547199589,1.66293035485471,"Z04.pokarmy"
"75",NA,"buraczki",2.68772715058892,-1.75862953542941,"Z04.pokarmy"
"76",NA,"cebula",2.92984943969215,-1.04388028630527,"Z04.pokarmy"
"77",60,"chleb",3.04541239026254,1.55576010676636,"Z04.pokarmy"
"78",61,"chrupki",2.53151230800082,0.542717580184479,"Z04.pokarmy"
"79",NA,"ciasto",2.26688538576469,0.0218262605437418,"Z04.pokarmy"
"80",62,"ciastko",2.48324229420392,0.780897451827608,"Z04.pokarmy"
"81",63,"cukier",2.67705520331306,-0.645513407978955,"Z04.pokarmy"
"82",64,"cukierek",2.19890144729146,0.355165275446462,"Z04.pokarmy"
"83",65,"czekolada",2.92437066267886,0.453285086485541,"Z04.pokarmy"
"84",66,"dżem",2.26899353483442,-0.922234511974934,"Z04.pokarmy"
"85",NA,"galaretka",2.5920453183147,-1.87830515299167,"Z04.pokarmy"
"86",NA,"groszek",2.44989912392587,-1.9002958328194,"Z04.pokarmy"
"87",NA,"grzyby",2.42630821815026,-1.48389793578827,"Z04.pokarmy"
"88",NA,"guma.do.żucia",1.63034324546217,-1.0026176255822,"Z04.pokarmy"
"89",67,"herbata",2.59796261051201,0.536944686742511,"Z04.pokarmy"
"90",68,"jabłko",3.35428724487068,1.67010759815866,"Z04.pokarmy"
"91",69,"jajko",2.51318709014246,2.47036189525417,"Z04.pokarmy"
"92",70,"jedzenie.papu.am",1.41900809681031,1.56445477336253,"Z04.pokarmy"
"93",71,"jogurt",2.51748853298388,-0.250761305873318,"Z04.pokarmy"
"94",NA,"kakao",1.93322342381126,-0.672131523100903,"Z04.pokarmy"
"95",NA,"kanapka.kromka",2.84461098775354,-0.549591410112262,"Z04.pokarmy"
"96",NA,"kapusta",3.17957415266183,-2.17802531312658,"Z04.pokarmy"
"97",72,"kaszka",1.91592386584707,-0.114192261352142,"Z04.pokarmy"
"98",73,"kawa",2.22309599783256,0.196860825186303,"Z04.pokarmy"
"99",NA,"ketchup",2.57790227445157,-0.473130072626694,"Z04.pokarmy"
"100",74,"kiełbasa",2.85919952346617,-0.172678834362342,"Z04.pokarmy"
"101",NA,"kotlet",3.10048053553534,-0.915440272796827,"Z04.pokarmy"
"102",NA,"kurczak",2.84035454414584,-0.840186130260946,"Z04.pokarmy"
"103",NA,"lizak",2.67435460713159,0.506720555707572,"Z04.pokarmy"
"104",NA,"lody",2.81825762405372,0.897562377985308,"Z04.pokarmy"
"105",75,"makaron.kluski",3.34092767043821,-0.415958912974153,"Z04.pokarmy"
"106",NA,"mandarynka",2.44078994158922,-1.80283117165302,"Z04.pokarmy"
"107",NA,"marchewka",3.6743112206221,-0.323631893292704,"Z04.pokarmy"
"108",76,"masło.margaryna",3.30187589015966,-0.767242724066297,"Z04.pokarmy"
"109",77,"mięso",3.15290554981207,0.00532876696335441,"Z04.pokarmy"
"110",NA,"miód",2.47478432549105,-1.70490032972583,"Z04.pokarmy"
"111",78,"mleko",2.84955400439103,1.6219519055162,"Z04.pokarmy"
"112",NA,"naleśniki",2.91534086860328,-1.381736103038,"Z04.pokarmy"
"113",NA,"orzechy",3.14438914727491,-2.32773121498672,"Z04.pokarmy"
"114",NA,"ogórek",3.05529178087877,-0.112253178562702,"Z04.pokarmy"
"115",79,"paluszki",3.05620233020778,-0.333516645019744,"Z04.pokarmy"
"116",NA,"parówka.kiełbaska",3.12716056959027,0.278030493141304,"Z04.pokarmy"
"117",80,"picie",1.9752250971714,1.77290401033379,"Z04.pokarmy"
"118",NA,"pierogi",2.58244119684503,-1.59558972922365,"Z04.pokarmy"
"119",NA,"placek",2.71527808214114,-1.61252208227903,"Z04.pokarmy"
"120",NA,"pomarańcza",2.99557928285051,-1.87685573879736,"Z04.pokarmy"
"121",NA,"pomidor",3.34316373684995,-0.171674167118858,"Z04.pokarmy"
"122",NA,"rodzynki",2.4351859289913,-2.58068469048671,"Z04.pokarmy"
"123",NA,"rosół",2.92382913656827,-0.745917437000885,"Z04.pokarmy"
"124",NA,"ryba",2.57421058618529,0.487920020556012,"Z04.pokarmy"
"125",NA,"ryż",2.72360625109692,-1.17094360590127,"Z04.pokarmy"
"126",81,"ser",3.0104367044433,0.0653190309745431,"Z04.pokarmy"
"127",82,"sok",2.6936462635096,1.15916315959262,"Z04.pokarmy"
"128",NA,"sos",2.31511328271193,-1.04177119550293,"Z04.pokarmy"
"129",NA,"sól",2.62102805921864,-1.12130719554105,"Z04.pokarmy"
"130",83,"szynka",2.7401053758048,-1.20363822155067,"Z04.pokarmy"
"131",NA,"truskawki",3.3110596811584,-1.07801646542114,"Z04.pokarmy"
"132",NA,"witaminy",2.64805990762272,-2.35815176206411,"Z04.pokarmy"
"133",84,"woda",2.55637727192164,1.2801638901699,"Z04.pokarmy"
"134",85,"ziemniaki.kartofle",3.36326728681413,-0.408072717853332,"Z04.pokarmy"
"135",86,"zupa",3.39153319123664,1.53416112575392,"Z04.pokarmy"
"136",87,"bajka",2.67897548081679,2.50866191471906,"Z05.zabawki"
"137",88,"balonik",2.87016754122733,1.06188730278296,"Z05.zabawki"
"138",NA,"grabki",2.67754507472855,-1.06720890942899,"Z05.zabawki"
"139",NA,"gumka",2.47621307590005,-0.661308311823522,"Z05.zabawki"
"140",89,"kartka.papier",3.67039992240594,-0.196152886940308,"Z05.zabawki"
"141",90,"klocki",3.55340277917704,1.93142624321975,"Z05.zabawki"
"142",NA,"kredki",3.47985628106834,1.18809803385369,"Z05.zabawki"
"143",91,"książka",3.68522926749732,0.658529581390806,"Z05.zabawki"
"144",92,"lalka",1.52509792370042,1.47848726672142,"Z05.zabawki"
"145",93,"łopatka",3.53180503296459,-0.34515582468205,"Z05.zabawki"
"146",NA,"obrazek",3.88664027464196,-1.49198058256895,"Z05.zabawki"
"147",NA,"ołówek",2.57192111615822,-1.20152881026796,"Z05.zabawki"
"148",94,"piłka",2.64008218681078,2.66177723477227,"Z05.zabawki"
"149",95,"pisak.długopis",2.47415051573471,-0.00989831278083965,"Z05.zabawki"
"150",NA,"prezent",3.89379878192082,-1.34909513593515,"Z05.zabawki"
"151",96,"smoczek",1.53267012987636,0.35523901540076,"Z05.zabawki"
"152",97,"wiaderko",3.87575088880238,-0.437477977454165,"Z05.zabawki"
"153",NA,"zabawka",3.93379143195417,0.237818755915948,"Z05.zabawki"
"154",NA,"bluzka",3.52498109261667,0.0387187118602523,"Z06.ubrania"
"155",98,"buty",2.90154858272441,2.75130363606142,"Z06.ubrania"
"156",NA,"chustka",2.77803704897141,-1.78877839593931,"Z06.ubrania"
"157",99,"czapka",3.45039392832022,2.13924427556286,"Z06.ubrania"
"158",100,"guzik",2.86312634846115,-0.76435679617394,"Z06.ubrania"
"159",NA,"kalosze.gumowce",2.97484393134627,-0.673135789633313,"Z06.ubrania"
"160",101,"kapelusz",2.86516816872764,-1.62030110154974,"Z06.ubrania"
"161",102,"kieszeń",3.54075146358849,-1.21032500008382,"Z06.ubrania"
"162",103,"koszula",3.00926619071525,-1.58125037975711,"Z06.ubrania"
"163",104,"kurtka",4.16510153508638,1.03827935528611,"Z06.ubrania"
"164",105,"majtki",3.4596318632319,0.147449989952138,"Z06.ubrania"
"165",106,"pantofle.kapcie",2.50065805973978,-0.549724195774488,"Z06.ubrania"
"166",NA,"pasek",2.69058018619813,-1.52800279775205,"Z06.ubrania"
"167",107,"pieluszka.pampers",2.71945955382751,0.595099631684826,"Z06.ubrania"
"168",108,"piżama",3.32968174898487,-0.358807313185586,"Z06.ubrania"
"169",109,"rajstopy.rajtuzy",3.07186084235026,-0.85510998552726,"Z06.ubrania"
"170",110,"rękawiczki",3.19543674619133,-0.686212432527039,"Z06.ubrania"
"171",111,"skarpetki",3.56857012449327,0.882338548712425,"Z06.ubrania"
"172",112,"spodnie",3.80185646091359,0.694365571809044,"Z06.ubrania"
"173",113,"sukienka",2.86727030617987,-1.30636253969547,"Z06.ubrania"
"174",114,"sweter",3.46928305651624,-1.3734085397757,"Z06.ubrania"
"175",115,"szalik",3.35271996269915,-0.746514921608529,"Z06.ubrania"
"176",116,"śliniaczek",2.25748870514947,-1.83311650823328,"Z06.ubrania"
"177",117,"ubranie",3.53776131028337,-0.728307708386145,"Z06.ubrania"
"178",118,"broda",2.64318176150319,-0.525069935938332,"Z07.części_ciała"
"179",119,"brzuch",4.15703916705066,2.13665003992744,"Z07.części_ciała"
"180",120,"buzia",3.32410485241043,1.72727895072809,"Z07.części_ciała"
"181",121,"czoło",2.8481384604537,-0.141086078567757,"Z07.części_ciała"
"182",NA,"gardło",2.90337453637815,-1.32506923812897,"Z07.części_ciała"
"183",122,"głowa",4.23860212537847,1.92301859812849,"Z07.części_ciała"
"184",123,"język",3.40785964409048,-0.179556342351327,"Z07.części_ciała"
"185",124,"kolano",3.81342278430526,-0.276561653911563,"Z07.części_ciała"
"186",NA,"krew",2.6063521909787,-1.79129896710549,"Z07.części_ciała"
"187",NA,"łokieć",2.54525163344426,-2.20384728986348,"Z07.części_ciała"
"188",125,"noga",3.91101459352428,2.27571519051929,"Z07.części_ciała"
"189",126,"nos",3.06068739864565,3.03628106228209,"Z07.części_ciała"
"190",127,"oko",2.57176238956227,3.1581890174507,"Z07.części_ciała"
"191",128,"palec",3.7989522425748,0.898451092092873,"Z07.części_ciała"
"192",129,"paznokcie.pazurki",3.90946551307818,-1.27531239200133,"Z07.części_ciała"
"193",130,"pępek",2.51280725589478,0.60855140276097,"Z07.części_ciała"
"194",131,"plecy",3.59576456497022,-0.448494810594904,"Z07.części_ciała"
"195",NA,"policzek",3.20621458202635,-1.15895475438772,"Z07.części_ciała"
"196",132,"pupa",2.58457399022877,2.26277506261715,"Z07.części_ciała"
"197",133,"ręka",4.15793060687328,1.59098382108507,"Z07.części_ciała"
"198",NA,"serce",2.74426051555319,-1.53047350161805,"Z07.części_ciała"
"199",NA,"skóra",3.00980962860918,-2.4089950892466,"Z07.części_ciała"
"200",134,"szyja",3.02227703825179,-0.423888146174748,"Z07.części_ciała"
"201",135,"ucho",3.18878214032127,2.09942798638835,"Z07.części_ciała"
"202",136,"włosy",4.00435090287671,1.68574929640931,"Z07.części_ciała"
"203",137,"ząb",3.93072898142583,0.780072746904078,"Z07.części_ciała"
"204",138,"balkon",2.23958155015418,-1.21054162227708,"Z08.w_domu"
"205",NA,"dach",2.53168389380668,-1.03570230758588,"Z08.w_domu"
"206",139,"drzwi",3.42605000233341,1.81086020794528,"Z08.w_domu"
"207",140,"dywan",3.54073159951656,-0.588112334467067,"Z08.w_domu"
"208",NA,"firanka.zasłona",2.89663168373933,-1.59711704006615,"Z08.w_domu"
"209",141,"fotel",3.22627748543608,-0.468103148585653,"Z08.w_domu"
"210",NA,"korytarz.przedpokój",2.85817861452205,-2.56847720311174,"Z08.w_domu"
"211",NA,"kran",3.01643367844491,-1.31103340802108,"Z08.w_domu"
"212",142,"krzesło",3.7598480136666,0.563861831524259,"Z08.w_domu"
"213",143,"kuchnia",4.30481674530521,0.0327228593208302,"Z08.w_domu"
"214",144,"lodówka",3.98948034720218,-0.328738281340471,"Z08.w_domu"
"215",145,"łazienka",4.06442689574294,-0.327752714210964,"Z08.w_domu"
"216",146,"łóżko",4.19370517795202,0.889810805936007,"Z08.w_domu"
"217",147,"odkurzacz",2.94074158537698,-0.354705214557713,"Z08.w_domu"
"218",148,"okno",3.33896900983274,1.27165376947925,"Z08.w_domu"
"219",149,"podłoga",4.34397773465963,-1.16484653045147,"Z08.w_domu"
"220",150,"pokój",4.36881009036864,-0.0371181972291851,"Z08.w_domu"
"221",151,"półka.regał",3.36420775747224,-2.44137175206303,"Z08.w_domu"
"222",152,"pralka",3.72200883965608,-0.209531851907882,"Z08.w_domu"
"223",NA,"prysznic",2.90665718872076,-1.65948266655012,"Z08.w_domu"
"224",153,"schody",4.18583236442874,-0.342017454948124,"Z08.w_domu"
"225",NA,"stołek",2.72557612312033,-1.82105607417956,"Z08.w_domu"
"226",154,"stół",4.36020121465978,0.813773083644723,"Z08.w_domu"
"227",NA,"sufit",2.97857168341088,-2.35633723050711,"Z08.w_domu"
"228",155,"szafa",4.05377739494432,-0.472818672164276,"Z08.w_domu"
"229",156,"szuflada",3.60045979747946,-2.17288383076777,"Z08.w_domu"
"230",157,"ściana",4.03166219097608,-1.30543450738745,"Z08.w_domu"
"231",158,"telewizor",3.35019951690041,0.472997320263549,"Z08.w_domu"
"232",159,"ubikacja.ustęp",2.44641655041071,-1.17420941680011,"Z08.w_domu"
"233",160,"wanna",3.05456529795654,-0.178018799957673,"Z08.w_domu"
"234",161,"wózek",3.42160817229181,0.746353606788709,"Z08.w_domu"
"235",NA,"aparat.kamera",2.7477041379554,-1.2377828063344,"Z09.przedmioty_domowego_użytku"
"236",162,"butelka",3.24409136672496,0.967743813464313,"Z09.przedmioty_domowego_użytku"
"237",NA,"czajnik",2.97904812655554,-1.39794874762903,"Z09.przedmioty_domowego_użytku"
"238",NA,"deska",3.08078549571395,-1.88193037223157,"Z09.przedmioty_domowego_użytku"
"239",163,"garnek",3.78682164705,-0.767597392176185,"Z09.przedmioty_domowego_użytku"
"240",164,"gazeta",3.47612316868159,-1.21228083024528,"Z09.przedmioty_domowego_użytku"
"241",165,"grzebień",2.85679098686354,-1.24211803413415,"Z09.przedmioty_domowego_użytku"
"242",NA,"igła",2.63295173324114,-2.26965222686849,"Z09.przedmioty_domowego_użytku"
"243",166,"klucz",3.41134531846058,0.594217228492129,"Z09.przedmioty_domowego_użytku"
"244",167,"koc.kołdra",3.14712193247145,0.641413041632852,"Z09.przedmioty_domowego_użytku"
"245",168,"koszyk",3.3484354154011,-1.6020753740537,"Z09.przedmioty_domowego_użytku"
"246",169,"kubek",3.58551802775208,0.891449466051142,"Z09.przedmioty_domowego_użytku"
"247",170,"lampa",2.69867044176784,0.119529226205629,"Z09.przedmioty_domowego_użytku"
"248",171,"lekarstwa.tabletki",3.26541806493698,-1.41028250774981,"Z09.przedmioty_domowego_użytku"
"249",172,"lustro",3.9836349843774,-0.839253171028844,"Z09.przedmioty_domowego_użytku"
"250",173,"łyżka",4.06991156282184,0.769206809232431,"Z09.przedmioty_domowego_użytku"
"251",NA,"miotła",2.32140643702209,-1.22893001044105,"Z09.przedmioty_domowego_użytku"
"252",NA,"miska",3.24477117429182,-0.286441018644195,"Z09.przedmioty_domowego_użytku"
"253",NA,"młotek",3.0186147471684,-1.4725571894545,"Z09.przedmioty_domowego_użytku"
"254",174,"mydło",3.59869514270627,0.104591609241619,"Z09.przedmioty_domowego_użytku"
"255",NA,"nici",2.51594180065786,-2.31046430558599,"Z09.przedmioty_domowego_użytku"
"256",175,"nocnik",2.96802225173881,0.458835514236774,"Z09.przedmioty_domowego_użytku"
"257",176,"nożyczki",3.42942889904216,-0.893721078296397,"Z09.przedmioty_domowego_użytku"
"258",177,"nóż",2.77431255996545,-0.0165770069704576,"Z09.przedmioty_domowego_użytku"
"259",NA,"obraz",3.57175893258493,-1.94330731673029,"Z09.przedmioty_domowego_użytku"
"260",178,"okulary",3.35136071409703,0.31059510508449,"Z09.przedmioty_domowego_użytku"
"261",179,"pieniądze",3.32328717300131,-0.587244305116078,"Z09.przedmioty_domowego_użytku"
"262",180,"poduszka",3.75825314763733,0.0926713860843463,"Z09.przedmioty_domowego_użytku"
"263",181,"pudełko",4.50749092882069,-1.97890562657763,"Z09.przedmioty_domowego_użytku"
"264",182,"radio",2.63683202779811,-1.0924201295982,"Z09.przedmioty_domowego_użytku"
"265",183,"ręcznik",4.28084422646099,-0.668806537880494,"Z09.przedmioty_domowego_użytku"
"266",NA,"słoik",3.85287807885864,-2.52447050264482,"Z09.przedmioty_domowego_użytku"
"267",NA,"syrop",3.38021391828264,-0.809233173800611,"Z09.przedmioty_domowego_użytku"
"268",184,"szczoteczka.do.zębów",3.18498164187982,-0.325915247918764,"Z09.przedmioty_domowego_użytku"
"269",NA,"szczotka",3.27116898685278,-1.06657508023606,"Z09.przedmioty_domowego_użytku"
"270",185,"szklanka",3.4545267317967,-0.862147464620624,"Z09.przedmioty_domowego_użytku"
"271",186,"szmata.ścierka",3.48439968366901,-1.89474552592789,"Z09.przedmioty_domowego_użytku"
"272",NA,"sznurek",3.5585960191539,-2.64454513926988,"Z09.przedmioty_domowego_użytku"
"273",187,"śmieci",3.31690746711032,0.187018352519407,"Z09.przedmioty_domowego_użytku"
"274",188,"talerz",3.8694243511889,-0.233489895257288,"Z09.przedmioty_domowego_użytku"
"275",189,"telefon.komórka",2.61665235982517,1.23760158255647,"Z09.przedmioty_domowego_użytku"
"276",NA,"termometr",3.03696950361053,-2.21201683765696,"Z09.przedmioty_domowego_użytku"
"277",190,"torebka",3.7732067086547,-0.915086383010627,"Z09.przedmioty_domowego_użytku"
"278",191,"widelec",4.02438621254368,-0.61529319655393,"Z09.przedmioty_domowego_użytku"
"279",NA,"zapałki",2.66129872064366,-2.09748119582729,"Z09.przedmioty_domowego_użytku"
"280",192,"zdjęcie.fotografia",3.72606320856613,-0.984983222180118,"Z09.przedmioty_domowego_użytku"
"281",193,"zegarek",3.03337596296744,-0.190991203992493,"Z09.przedmioty_domowego_użytku"
"282",194,"żelazko",2.91417040732882,-1.66313837305986,"Z09.przedmioty_domowego_użytku"
"283",NA,"bałwan",2.75749855223576,-1.31810184260413,"Z10.na_dworze"
"284",NA,"błoto",2.94496318034513,-0.810743126884497,"Z10.na_dworze"
"285",NA,"burza",2.91468143718678,-0.139417711766506,"Z10.na_dworze"
"286",NA,"chmura",3.52125519594427,-0.719924311979446,"Z10.na_dworze"
"287",195,"deszcz",3.18930565644819,1.5801015456413,"Z10.na_dworze"
"288",NA,"drabina",3.1858937691465,-1.88009464172445,"Z10.na_dworze"
"289",NA,"droga",3.35462119198654,-0.50462651598145,"Z10.na_dworze"
"290",197,"drzewo",4.01131126027593,0.883996702003617,"Z10.na_dworze"
"291",NA,"gałąź",2.9816482264915,-2.8477528491317,"Z10.na_dworze"
"292",NA,"gwiazda",3.48483880301453,-0.981910999027788,"Z10.na_dworze"
"293",NA,"huśtawka",2.5379389133606,0.732073205144699,"Z10.na_dworze"
"294",198,"kamień",4.31688696813718,-0.248084595783252,"Z10.na_dworze"
"295",199,"kijek.patyk",3.25883975369788,-0.217812245860396,"Z10.na_dworze"
"296",201,"księżyc",3.11039846162569,-0.67039717476943,"Z10.na_dworze"
"297",202,"kwiatek",3.62192132507818,1.10275896986576,"Z10.na_dworze"
"298",203,"listek",3.79444850553328,-0.315350931277221,"Z10.na_dworze"
"299",NA,"most",2.74026472649945,-1.62487977979021,"Z10.na_dworze"
"300",NA,"mróz",2.54740997825691,-2.57784098051035,"Z10.na_dworze"
"301",205,"niebo",3.19320640558588,-0.0384302671283592,"Z10.na_dworze"
"302",NA,"ogień",2.67766068724921,-0.722470044802827,"Z10.na_dworze"
"303",206,"piasek.piaskownica",4.08740846397883,0.277416590520655,"Z10.na_dworze"
"304",NA,"płot",3.13914814998712,-1.64036358906667,"Z10.na_dworze"
"305",208,"sanki",3.37462622635005,-1.66725886617436,"Z10.na_dworze"
"306",210,"słońce",3.83614179700683,0.500138234357037,"Z10.na_dworze"
"307",212,"śnieg",3.43300877247569,-1.20424226222307,"Z10.na_dworze"
"308",213,"trawa",4.33736414299741,0.211945896994043,"Z10.na_dworze"
"309",214,"ulica",3.35643376257381,-1.15931256302325,"Z10.na_dworze"
"310",NA,"wiatr",3.70622974427316,-0.747475346630699,"Z10.na_dworze"
"311",215,"woda",3.20018578172336,1.66263126368415,"Z10.na_dworze"
"312",216,"ziemia",3.34188368613815,-1.57790772286811,"Z10.na_dworze"
"313",NA,"apteka",2.62380389060512,-2.24404589796723,"Z11.miejsca_gdzie_można_pójść"
"314",196,"dom",3.08838745834454,2.66998483765422,"Z11.miejsca_gdzie_można_pójść"
"315",NA,"góry",2.11137681914848,-1.9335992976189,"Z11.miejsca_gdzie_można_pójść"
"316",NA,"imieniny.urodziny",2.972178468304,-1.78991490377469,"Z11.miejsca_gdzie_można_pójść"
"317",200,"kościół",2.50935872780719,-0.709084946112961,"Z11.miejsca_gdzie_można_pójść"
"318",NA,"las",2.45023430558873,-0.0724076881555357,"Z11.miejsca_gdzie_można_pójść"
"319",NA,"miasto",2.6898759553849,-1.9783870168945,"Z11.miejsca_gdzie_można_pójść"
"320",NA,"morze",2.33860074197099,-1.35635408616007,"Z11.miejsca_gdzie_można_pójść"
"321",204,"na.dwór.na.pole",2.45674417920349,0.427518846389539,"Z11.miejsca_gdzie_można_pójść"
"322",NA,"park.ogród",2.94301799002578,-1.38341285815495,"Z11.miejsca_gdzie_można_pójść"
"323",NA,"poczta",2.4998362702976,-2.52496104995586,"Z11.miejsca_gdzie_można_pójść"
"324",NA,"podwórko",2.41781664596381,-0.997869276682767,"Z11.miejsca_gdzie_można_pójść"
"325",207,"praca",2.74646664222982,-0.0249525681299078,"Z11.miejsca_gdzie_można_pójść"
"326",NA,"rzeka",2.78986935948437,-2.09750089485765,"Z11.miejsca_gdzie_można_pójść"
"327",209,"sklep",3.60986717394283,0.885859160148625,"Z11.miejsca_gdzie_można_pójść"
"328",211,"spacer",3.08116106484483,0.577776626126997,"Z11.miejsca_gdzie_można_pójść"
"329",NA,"szkoła.przedszkole",2.98946289106684,-0.174786199163169,"Z11.miejsca_gdzie_można_pójść"
"330",NA,"zoo",1.97771399075488,-1.1488581769923,"Z11.miejsca_gdzie_można_pójść"
"331",217,"babcia",1.93948471116344,4.34310404006719,"Z12.osoby"
"332",NA,"brat",1.7648548656457,-0.852363824241774,"Z12.osoby"
"333",218,"chłopiec",3.2303655771022,-0.00429642327957923,"Z12.osoby"
"334",219,"ciocia",2.16188548503163,2.31711812131346,"Z12.osoby"
"335",NA,"córeczka",2.65201559868726,-1.75754347838306,"Z12.osoby"
"336",220,"doktor.lekarz",3.89365185814949,-0.269645240022017,"Z12.osoby"
"337",221,"dziadek.dziadzio",1.59252758002333,2.4526738853894,"Z12.osoby"
"338",222,"dzidzi.dzidziuś",1.39676665333332,1.79910068805126,"Z12.osoby"
"339",223,"dzieci",2.39065821103873,1.64690641021264,"Z12.osoby"
"340",224,"dziewczynka",3.10725323474804,0.386089454106793,"Z12.osoby"
"341",NA,"fryzjer",2.99283175102879,-2.35547453134271,"Z12.osoby"
"342",NA,"goście",3.1873135585638,-1.50811561390309,"Z12.osoby"
"343",225,"imię.zwierzątka",1.58924824528847,-0.0173162687983199,"Z12.osoby"
"344",NA,"kolega.koleżanka",3.31489692537799,-1.64629970743005,"Z12.osoby"
"345",NA,"krasnoludek",2.98777419525734,-2.47831841163467,"Z12.osoby"
"346",NA,"król.królewna",3.13728606328215,-1.62423399469332,"Z12.osoby"
"347",NA,"ksiądz",2.52712941908868,-1.97961223088076,"Z12.osoby"
"348",226,"ludzie",3.28720689679013,-1.47093969047098,"Z12.osoby"
"349",227,"mama.mamusia",0.959436656025734,3.64198115780262,"Z12.osoby"
"350",228,"pan",2.39533886283895,2.30480188577117,"Z12.osoby"
"351",229,"pani",2.55907435536567,1.76543012015105,"Z12.osoby"
"352",NA,"policjant",3.12824350905281,-1.73734837095379,"Z12.osoby"
"353",NA,"siostra",2.08142784156845,-1.07213282877105,"Z12.osoby"
"354",NA,"synek",2.7092424113128,-1.41052892519809,"Z12.osoby"
"355",230,"tata.tatuś",1.11059493910155,3.50716625655141,"Z12.osoby"
"356",231,"własne.imię",1.75251025565635,1.38786314687963,"Z12.osoby"
"357",232,"wujek",2.26899068489048,0.872040042784334,"Z12.osoby"
"358",233,"cześć",1.57210517981974,1.79297017469617,"Z13.formuły"
"359",234,"dzień.dobry",2.75329933608125,0.241900868384433,"Z13.formuły"
"360",235,"do.widzenia",2.4923586122603,0.10916467341705,"Z13.formuły"
"361",236,"dobranoc",2.73235309351386,-0.243142264264207,"Z13.formuły"
"362",237,"dziękuję",2.84540259948778,1.26161309086233,"Z13.formuły"
"363",238,"proszę",2.7977486445272,1.08096277616238,"Z13.formuły"
"364",239,"przepraszam",3.16311389617882,0.174469685347963,"Z13.formuły"
"365",240,"halo",1.11439718195048,1.24308864163883,"Z13.formuły"
"366",241,"pa.pa.",1.18737924364996,3.76263290892481,"Z13.formuły"
"367",242,"tak",1.56960663050046,3.11698710831502,"Z13.formuły"
"368",243,"nie",1.26248566285248,3.32667996191258,"Z13.formuły"
"369",NA,"śniadanie",3.24314619347319,-0.545002000023535,"Z13.formuły"
"370",NA,"obiad",3.28664015837194,0.0307155344310594,"Z13.formuły"
"371",NA,"kolacja",3.21498760390847,-1.0101676239004,"Z13.formuły"
"372",244,"siusiu.siku.sisi",1.7396917701545,2.54243212145522,"Z13.formuły"
"373",245,"kupka",2.03449166850898,1.66598829877399,"Z13.formuły"
"374",246,"kosi.kosi.łapci",1.18011723092726,0.364345399010303,"Z13.formuły"
"375",247,"idzie.rak.nieborak",1.858491002548,-0.342114115103438,"Z13.formuły"
"376",248,"sroczka.kaszkę.warzyła",1.29960623734463,-0.821839427921596,"Z13.formuły"
"377",249,"be",0.480838692853171,1.49040751327762,"Z14.przymiotniki"
"378",250,"biały",2.979966211735,-1.50960071941352,"Z14.przymiotniki"
"379",251,"brudny",3.17088796151118,0.421909251431442,"Z14.przymiotniki"
"380",252,"brzydki",3.03403925812332,-0.62312496319195,"Z14.przymiotniki"
"381",253,"cacy.cacany",0.79455144037563,-0.161682298878854,"Z14.przymiotniki"
"382",254,"chory",4.06955875336752,-0.109705031707607,"Z14.przymiotniki"
"383",257,"ciepły",2.74910650621233,0.0781849842996572,"Z14.przymiotniki"
"384",258,"ciężki",3.47158217590747,-1.12960067760943,"Z14.przymiotniki"
"385",259,"czarny",3.59453338511287,-2.11708794776702,"Z14.przymiotniki"
"386",NA,"czerwony",3.18439382703541,-1.72310876643635,"Z14.przymiotniki"
"387",260,"czysty",3.79637011004075,-0.326901923655419,"Z14.przymiotniki"
"388",261,"dobry",2.96202576476235,0.142175914955174,"Z14.przymiotniki"
"389",262,"duży",3.1539351416427,0.881302678923332,"Z14.przymiotniki"
"390",263,"głodny",3.5711005326809,-0.734338592583605,"Z14.przymiotniki"
"391",NA,"głupi",2.48145496748708,-1.68687426541783,"Z14.przymiotniki"
"392",264,"gorący",2.11560015228819,0.0784298598479858,"Z14.przymiotniki"
"393",265,"kochany",3.05757017636866,-0.875658573336278,"Z14.przymiotniki"
"394",266,"ładny",3.32648550809272,-0.39916246979935,"Z14.przymiotniki"
"395",267,"mały",3.20720413248572,0.440740297354566,"Z14.przymiotniki"
"396",NA,"mądry",3.22157437691132,-2.49325459731949,"Z14.przymiotniki"
"397",268,"mokry",3.43774609697939,-0.45247107582153,"Z14.przymiotniki"
"398",269,".nie.grzeczny",3.24478571100214,-0.560224342212977,"Z14.przymiotniki"
"399",NA,"nowy",3.2397062903251,-1.35924598505628,"Z14.przymiotniki"
"400",270,"otwarty",3.39032978583731,-1.91475747371197,"Z14.przymiotniki"
"401",NA,"piękny.śliczny",3.02969611485275,-1.80964732542019,"Z14.przymiotniki"
"402",NA,"pyszny",2.54385651258053,-0.643306731242277,"Z14.przymiotniki"
"403",NA,"śpiący",2.41553270923686,-0.62061805857046,"Z14.przymiotniki"
"404",272,"umyty",3.47270445612248,-0.995020537949365,"Z14.przymiotniki"
"405",273,"zamknięty",3.52136426826408,-1.58088225278685,"Z14.przymiotniki"
"406",NA,"zdrowy",4.21191037233036,-1.50871458130844,"Z14.przymiotniki"
"407",274,"zepsuty",3.08454437015357,-1.41089256513228,"Z14.przymiotniki"
"408",275,"zimny",2.82121204491263,0.0928449551182173,"Z14.przymiotniki"
"409",276,"zmęczony",3.5775897828448,-1.51319221462068,"Z14.przymiotniki"
"410",NA,"boso.na.bosaka",2.48706480135954,-0.511247559106935,"Z15.przysłówki"
"411",252,"brzydko",2.53037555100349,-0.612002269543372,"Z15.przysłówki"
"412",255,"cicho",1.98049759997112,1.24841247318687,"Z15.przysłówki"
"413",256,"ciemno",3.90608551042433,0.537611579884484,"Z15.przysłówki"
"414",257,"ciepło",3.33957608238997,0.167936778782349,"Z15.przysłówki"
"415",261,"dobrze",2.86740686126229,0.240900186599021,"Z15.przysłówki"
"416",NA,"głośno",3.82158261416089,-0.808780981078626,"Z15.przysłówki"
"417",264,"gorąco",2.58799780576907,-0.310084652739882,"Z15.przysłówki"
"418",266,"ładnie",3.35864086369536,-0.644243241420896,"Z15.przysłówki"
"419",NA,"mocno",3.39332418127029,-1.32513370956347,"Z15.przysłówki"
"420",268,"mokro",2.96678365689616,-0.0590785407546583,"Z15.przysłówki"
"421",271,"prędko.szybko",3.52686125029943,-0.693919267744527,"Z15.przysłówki"
"422",275,"zimno",2.73541904521517,0.610835700122649,"Z15.przysłówki"
"423",277,"bać.się",2.63140260851802,0.167199885318271,"Z16.czasowniki"
"424",278,"bawić.się",4.04771441353218,0.969462084100277,"Z16.czasowniki"
"425",279,"bić",2.24946402610579,-0.338384395247504,"Z16.czasowniki"
"426",280,"biec.biegać",4.25121128766961,-0.12529800341262,"Z16.czasowniki"
"427",281,"boleć",2.42958989287272,0.365217479852172,"Z16.czasowniki"
"428",282,"budować",4.00608747009318,-0.78261275057249,"Z16.czasowniki"
"429",283,"być..jest.",2.2535964390606,-0.228306507989192,"Z16.czasowniki"
"430",NA,"całować",3.02336319623211,-0.395929157306177,"Z16.czasowniki"
"431",284,"chcieć",2.47001691137491,-0.0414248337579453,"Z16.czasowniki"
"432",285,"chodzić..chodź.",2.74734852637595,0.782967637359703,"Z16.czasowniki"
"433",NA,"ciąć",2.52265781419507,-1.96321981835051,"Z16.czasowniki"
"434",NA,"cieszyć.się",3.52311770675803,-1.45350795578072,"Z16.czasowniki"
"435",NA,"czekać",3.59081413950641,-0.91427954050988,"Z16.czasowniki"
"436",286,"czesać",3.38546184233986,-0.596767625668243,"Z16.czasowniki"
"437",NA,"czyścić",3.36665389004812,-1.90282336619293,"Z16.czasowniki"
"438",287,"czytać",3.50233639946679,0.280996793617791,"Z16.czasowniki"
"439",288,"dać",1.55703747904826,1.27909375131096,"Z16.czasowniki"
"440",289,"dmuchać",3.35480672652602,-0.73657293381236,"Z16.czasowniki"
"441",NA,"dostać",3.80771828402871,-1.57154064123309,"Z16.czasowniki"
"442",NA,"drapać",3.86160405589423,-2.04371345708681,"Z16.czasowniki"
"443",290,"dzwonić",3.27851394076319,0.314581387926436,"Z16.czasowniki"
"444",291,"gonić",3.09228315142368,-1.1131467541206,"Z16.czasowniki"
"445",292,"gotować",4.18118376136345,-0.831999526379579,"Z16.czasowniki"
"446",293,"grać",3.4299598433213,-0.305416280476098,"Z16.czasowniki"
"447",NA,"gryźć",3.79824138926231,-1.41943466117896,"Z16.czasowniki"
"448",294,"huśtać.bujać.się",2.44077170091512,0.635162881897169,"Z16.czasowniki"
"449",295,"iść.pójść",2.38382593244765,1.21460214612549,"Z16.czasowniki"
"450",296,"jechać.jeździć",2.95763057175782,0.627485004302721,"Z16.czasowniki"
"451",297,"jeść",2.10143186918522,1.62585028200737,"Z16.czasowniki"
"452",298,"kąpać.się",2.96019304659097,0.962039481114133,"Z16.czasowniki"
"453",NA,"kłaść.położyć",3.28623966186542,-0.942613631337461,"Z16.czasowniki"
"454",299,"kochać",3.26128078153556,0.0552628775639565,"Z16.czasowniki"
"455",300,"kopać",3.30927465938046,-0.974175384276549,"Z16.czasowniki"
"456",NA,"krzyczeć.wołać",4.19862857930171,-1.30322056638326,"Z16.czasowniki"
"457",301,"kupić",4.39328291170934,-0.192874825390165,"Z16.czasowniki"
"458",NA,"lać",2.50602045540219,-2.07533731025014,"Z16.czasowniki"
"459",NA,"lecieć.latać",3.36402730059492,-1.51747251540683,"Z16.czasowniki"
"460",302,"leżeć",4.1416008964864,-0.674646431086846,"Z16.czasowniki"
"461",303,"lubić",3.9148306857637,-0.856137522928657,"Z16.czasowniki"
"462",NA,"malować",3.42570737698866,-0.169939575877807,"Z16.czasowniki"
"463",304,"mieć..ma.",1.56148274879921,0.653014543368886,"Z16.czasowniki"
"464",NA,"mieszkać",4.07662523433383,-2.58046976214749,"Z16.czasowniki"
"465",NA,"móc..może.",3.02463743738723,-1.41149885143822,"Z16.czasowniki"
"466",NA,"mówić.powiedzieć",4.15841253344533,-1.33020679158911,"Z16.czasowniki"
"467",NA,"musieć..musi.",3.56249953678721,-1.75606919281385,"Z16.czasowniki"
"468",305,"myć..się.",2.54356510240732,1.03709949370456,"Z16.czasowniki"
"469",NA,"myśleć",3.85593979308445,-3.23497516352662,"Z16.czasowniki"
"470",NA,"naprawiać.reperować",3.54934343034289,-1.95514714536382,"Z16.czasowniki"
"471",NA,"nazywać.się",3.5470736052553,-1.8513467107022,"Z16.czasowniki"
"472",306,"nieść.nosić",3.89110785269633,-1.94048331773008,"Z16.czasowniki"
"473",307,"obudzić..się.",4.22777165975429,-1.18814569012322,"Z16.czasowniki"
"474",308,"oglądać.obejrzeć",4.25903685294707,-0.762118591527753,"Z16.czasowniki"
"475",NA,"opowiadać",3.84871817696119,-2.39662679765153,"Z16.czasowniki"
"476",309,"otworzyć",3.90538476689864,-0.878118443240991,"Z16.czasowniki"
"477",310,"palić..się.",2.6279186303442,-1.55172057839416,"Z16.czasowniki"
"478",311,"patrzeć..patrz.",3.16909982204876,-0.809337664038835,"Z16.czasowniki"
"479",312,"pić",2.00142701507271,1.85009142577585,"Z16.czasowniki"
"480",313,"pisać",2.86813271143883,0.0450675028978987,"Z16.czasowniki"
"481",NA,"pluć",3.03716376971994,-2.3114374496718,"Z16.czasowniki"
"482",314,"płakać",3.68952189074891,0.162566294231875,"Z16.czasowniki"
"483",NA,"podobać.się",3.8176269471718,-2.5595195978336,"Z16.czasowniki"
"484",NA,"pokazać",4.25873416227461,-1.71624807612197,"Z16.czasowniki"
"485",NA,"pomóc",4.23612562758898,-1.57589540662764,"Z16.czasowniki"
"486",NA,"pożyczyć",3.64206133387636,-3.43919028666691,"Z16.czasowniki"
"487",NA,"pracować",3.81412211162408,-1.52614482333731,"Z16.czasowniki"
"488",315,"prać",3.32663333461501,-1.19719895798209,"Z16.czasowniki"
"489",NA,"prasować",3.45793143001498,-2.24846522783454,"Z16.czasowniki"
"490",NA,"prosić",3.38619795900668,-0.800035329580534,"Z16.czasowniki"
"491",316,"przyjść",4.05248087120784,-1.65157143573764,"Z16.czasowniki"
"492",NA,"przykryć",3.92724067486519,-1.59828998788897,"Z16.czasowniki"
"493",NA,"przynieść",4.32735472449075,-1.70835016226906,"Z16.czasowniki"
"494",NA,"puścić",3.19132735911008,-1.78360366099851,"Z16.czasowniki"
"495",317,"robić",3.88337012467035,-0.980569260508742,"Z16.czasowniki"
"496",NA,"rozmawiać",4.33134327852705,-2.17177808692167,"Z16.czasowniki"
"497",318,"rysować",3.42789876218346,-0.159639694627277,"Z16.czasowniki"
"498",319,"rzucać",3.58871159505071,-1.05784472970503,"Z16.czasowniki"
"499",NA,"schować",4.50503598451456,-1.49484020714653,"Z16.czasowniki"
"500",320,"siedzieć",3.45837991813684,-0.166016047428134,"Z16.czasowniki"
"501",321,"skakać",3.11197026006556,0.0481331719187465,"Z16.czasowniki"
"502",NA,"skończyć",3.98902127139322,-2.74352204905355,"Z16.czasowniki"
"503",NA,"słyszeć.słuchać",4.50128252182842,-1.91297725598074,"Z16.czasowniki"
"504",322,"spać",2.26467310198513,1.76934624982397,"Z16.czasowniki"
"505",NA,"sprzątać",4.25580837982368,-0.391129732050035,"Z16.czasowniki"
"506",323,"stać",3.38785509609127,-0.826536256427816,"Z16.czasowniki"
"507",324,"stukać.pukać",2.90265845211761,-0.832877909549989,"Z16.czasowniki"
"508",325,"szukać",4.44796991174629,-1.04799061514523,"Z16.czasowniki"
"509",NA,"szyć",3.07722468199069,-2.92475338166149,"Z16.czasowniki"
"510",NA,"śmiać.się",3.93912923030395,-0.987198345642937,"Z16.czasowniki"
"511",326,"śpiewać",3.11820372362092,-0.118972502273561,"Z16.czasowniki"
"512",327,"tańczyć",2.97956643365515,0.497215778666399,"Z16.czasowniki"
"513",328,"trzymać",4.28131531008679,-1.56494329610708,"Z16.czasowniki"
"514",329,"ubrać..się.",4.17763884470559,-0.447606264939429,"Z16.czasowniki"
"515",330,"uciekać",4.24478995483238,-1.42111457979075,"Z16.czasowniki"
"516",NA,"uczyć.się",3.7090811730874,-2.30474919557908,"Z16.czasowniki"
"517",NA,"umieć",4.02853749957466,-2.06773660690506,"Z16.czasowniki"
"518",331,"upaść.spaść",2.5192745821489,-0.630078323175472,"Z16.czasowniki"
"519",332,"usiąść.siadać",3.61840823815226,-0.726300228105723,"Z16.czasowniki"
"520",NA,"uściskać.ukochać",3.57246834435027,-1.7434296865884,"Z16.czasowniki"
"521",NA,"wiązać",4.06380868463798,-3.25628076331698,"Z16.czasowniki"
"522",NA,"widzieć.zobaczyć",3.90557559110207,-1.40134041811883,"Z16.czasowniki"
"523",NA,"wiedzieć",4.05592773230922,-2.79276862455669,"Z16.czasowniki"
"524",NA,"włożyć.założyć",4.25665702832923,-1.86185898286492,"Z16.czasowniki"
"525",333,"wstawać",3.71680239571032,-1.13182449266027,"Z16.czasowniki"
"526",NA,"wyrzucić",4.14759361013766,-1.23760665162984,"Z16.czasowniki"
"527",NA,"wytrzeć",4.16562159932222,-1.6487976589688,"Z16.czasowniki"
"528",NA,"zamiatać",3.83830840323249,-1.5770728214041,"Z16.czasowniki"
"529",334,"zamknąć",4.06427520158559,-0.829718754174477,"Z16.czasowniki"
"530",NA,"zapiąć",4.0378547980288,-2.04656158094925,"Z16.czasowniki"
"531",335,"zaświecić.zapalić",3.77633096371028,-1.22409961426554,"Z16.czasowniki"
"532",336,"zdjąć.ściągnąć",4.24256113486934,-1.63087253733245,"Z16.czasowniki"
"533",337,"zepsuć",3.90163565649326,-1.06849015982656,"Z16.czasowniki"
"534",NA,"zgubić",4.00328102351425,-1.92250820228019,"Z16.czasowniki"
"535",NA,"złamać",4.26689224815118,-2.97672787792911,"Z16.czasowniki"
"536",NA,"złapać",4.82291260821233,-2.49655269116592,"Z16.czasowniki"
"537",NA,"zmęczyć.się",4.56365839630866,-1.76732188740246,"Z16.czasowniki"
"538",NA,"znać",3.70673892093907,-2.95007239559417,"Z16.czasowniki"
"539",NA,"znaleźć",4.9164801958461,-2.72955062689342,"Z16.czasowniki"
"540",NA,"zostać",3.91933144997805,-2.22231095841581,"Z16.czasowniki"
"541",NA,".nie..da.się",2.2792009301372,-0.282514692123771,"Z16.czasowniki"
"542",338,"nie.ma.",1.42341313812365,1.84251618418889,"Z16.czasowniki"
"543",NA,".nie..można",2.75894634164413,-0.292715644163217,"Z16.czasowniki"
"544",NA,".nie..trzeba",2.84043550691059,-1.58017472830101,"Z16.czasowniki"
"545",339,".nie..wolno",2.23687838765201,0.633606957479251,"Z16.czasowniki"
"546",340,"tu",1.7780042394553,3.19845797124903,"Z17.określenia_miejsca"
"547",341,"tam",1.58932771367876,2.05986416128474,"Z17.określenia_miejsca"
"548",NA,"tędy",1.89896178023047,-1.67871428632456,"Z17.określenia_miejsca"
"549",NA,"stąd",2.65564480735083,-3.46675196350967,"Z17.określenia_miejsca"
"550",342,"daleko",3.87275879489883,-0.169891171265784,"Z17.określenia_miejsca"
"551",NA,"blisko",3.69622421794831,-1.57604169883174,"Z17.określenia_miejsca"
"552",343,"wysoko",3.07779776941552,0.151526727527284,"Z17.określenia_miejsca"
"553",NA,"nisko",2.83541699563527,-1.38184219932544,"Z17.określenia_miejsca"
"554",344,"na.górę.na.górze",2.91919803963662,0.194709670229286,"Z17.określenia_miejsca"
"555",345,"na.dół.na.dole",2.88460284962984,-0.330964998053691,"Z17.określenia_miejsca"
"556",NA,"z.tyłu.do.tyłu",3.12033271887976,-2.05873815910857,"Z17.określenia_miejsca"
"557",NA,"z.przodu.do.przodu",3.2227384506623,-2.37268626809509,"Z17.określenia_miejsca"
"558",NA,"w.środku",3.12186108521869,-2.36147859933598,"Z17.określenia_miejsca"
"559",NA,"gdzieś",2.15605201092127,-1.89730151056237,"Z17.określenia_miejsca"
"560",NA,"nigdzie",2.35532072450657,-2.14011099508928,"Z17.określenia_miejsca"
"561",NA,"wszędzie",2.97303764986185,-3.20022077196538,"Z17.określenia_miejsca"
"562",346,"już.już.nie",1.66545090341705,0.522662495800708,"Z18.określenia_czasu"
"563",347,"jeszcze.jeszcze.nie",2.34171589858227,-0.277552600577381,"Z18.określenia_czasu"
"564",348,"teraz",2.57988326694451,-0.223305917585846,"Z18.określenia_czasu"
"565",349,"zaraz",2.33208207415662,-1.10277317989158,"Z18.określenia_czasu"
"566",350,"potem.później",2.54671284212877,-1.32764675714013,"Z18.określenia_czasu"
"567",NA,"znowu.znów",3.0532312065597,-2.86022384430669,"Z18.określenia_czasu"
"568",NA,"kiedyś",3.07609484373686,-3.56516180649347,"Z18.określenia_czasu"
"569",NA,"nigdy",2.54934121773916,-2.89321142110988,"Z18.określenia_czasu"
"570",NA,"zawsze",3.13995817217763,-3.44959056080503,"Z18.określenia_czasu"
"571",NA,"czasem",2.93447076588726,-3.63451355795668,"Z18.określenia_czasu"
"572",NA,"dzisiaj.dziś",2.93734134460624,-0.684297066664608,"Z18.określenia_czasu"
"573",NA,"jutro",2.75500382608056,-0.849597729561067,"Z18.określenia_czasu"
"574",NA,"wczoraj",3.04875697005185,-2.07942594542716,"Z18.określenia_czasu"
"575",NA,"rano",2.82109718440438,-1.03794692811668,"Z18.określenia_czasu"
"576",NA,"wieczorem",2.96838970791069,-2.15898448862262,"Z18.określenia_czasu"
"577",351,"noc.w.nocy",2.91279742932742,-0.542544303830429,"Z18.określenia_czasu"
"578",NA,"dzień",2.99921797786434,-1.06505924799801,"Z18.określenia_czasu"
"579",NA,"godzina",2.8099409664265,-2.37392734734512,"Z18.określenia_czasu"
"580",352,"dużo",3.46244018565322,1.69363029872519,"Z19.określenia_miary"
"581",353,"mało",2.94749558668421,0.805440822989846,"Z19.określenia_miary"
"582",354,"trochę.troszkę",2.95204647059439,-1.60862907649012,"Z19.określenia_miary"
"583",NA,"tyle",1.87544700180172,-1.27548658479213,"Z19.określenia_miary"
"584",NA,"więcej",3.32776588704382,-2.48566090588514,"Z19.określenia_miary"
"585",355,"jeszcze",2.29123854934128,0.189525061653607,"Z19.określenia_miary"
"586",356,"wszystko.wszyscy",3.40392956247352,-2.24522188856798,"Z19.określenia_miary"
"587",357,"inny",2.19769154951302,-1.21981708279967,"Z19.określenia_miary"
"588",358,"drugi",2.27052018847872,-0.95324807312154,"Z19.określenia_miary"
"589",NA,"cały",2.9302470476761,-1.57917551114678,"Z19.określenia_miary"
"590",NA,"bardzo",3.31481106279617,-1.64093660610175,"Z19.określenia_miary"
"591",NA,"tylko",3.52885300175852,-2.67836113453434,"Z19.określenia_miary"
"592",359,"sam.sama",2.01473357375485,0.824469063437979,"Z19.określenia_miary"
"593",NA,"razem",3.21745330764264,-1.66579066060961,"Z19.określenia_miary"
"594",NA,"też",2.00118825840907,-1.14803745569295,"Z19.określenia_miary"
"595",360,"dosyć.dość",1.83291175206105,-1.61259570172044,"Z19.określenia_miary"
"596",NA,"za..np..za.dużo.",2.49444266425225,-1.49154308796498,"Z19.określenia_miary"
"597",NA,"każdy",3.13430928686461,-3.6153024100446,"Z19.określenia_miary"
"598",NA,"niektóry",2.83040134037672,-4.66639826376367,"Z19.określenia_miary"
"599",NA,"żaden",2.9531712089433,-3.95254111358601,"Z19.określenia_miary"
"600",361,"ja..mi..mnie.",1.61210489925433,2.34896046500269,"Z20.zaimki_osobowe"
"601",362,"ty..ci..cię.",1.78972373891677,0.82686771065947,"Z20.zaimki_osobowe"
"602",NA,"on..mu..go.",1.71113465077572,-0.437613999567918,"Z20.zaimki_osobowe"
"603",NA,"ona..jej..ją.",2.03083928193673,-0.988589060523771,"Z20.zaimki_osobowe"
"604",363,"my..nam..nas.",2.16741508033881,-1.10164123779833,"Z20.zaimki_osobowe"
"605",NA,"wy..wam..was.",2.1856129801399,-2.22510271597663,"Z20.zaimki_osobowe"
"606",NA,"oni.one..im..ich.je.",2.14881148360801,-2.24987563504617,"Z20.zaimki_osobowe"
"607",NA,"się",2.03516919449706,-2.72949347993041,"Z20.zaimki_osobowe"
"608",NA,"sobie",2.2417617903773,-3.40095601940827,"Z20.zaimki_osobowe"
"609",364,"mój",2.07229408399446,0.934333001226577,"Z20.zaimki_osobowe"
"610",365,"twój",2.45868783820466,-0.934406179249757,"Z20.zaimki_osobowe"
"611",NA,"jego",2.16021850463347,-2.32992360722121,"Z20.zaimki_osobowe"
"612",NA,"jej",2.06152825864593,-2.26495858321076,"Z20.zaimki_osobowe"
"613",366,"nasz",2.44113687833292,-1.829177050469,"Z20.zaimki_osobowe"
"614",NA,"wasz",2.48803474923388,-3.37624466893351,"Z20.zaimki_osobowe"
"615",NA,"ich",2.42053077009817,-3.49645005412716,"Z20.zaimki_osobowe"
"616",NA,"swój",2.35347606224745,-3.36921807545011,"Z20.zaimki_osobowe"
"617",367,"to",1.4942456312303,2.28363540066974,"Z21.zaimki_wskazujące"
"618",368,"coś",2.04312551630284,-1.01087086559585,"Z21.zaimki_wskazujące"
"619",NA,"ktoś",2.31266116446381,-1.7533617577844,"Z21.zaimki_wskazujące"
"620",369,"nic",1.82551657318036,0.457562246429408,"Z21.zaimki_wskazujące"
"621",NA,"nikt",2.70072280072667,-2.50150856760468,"Z21.zaimki_wskazujące"
"622",370,"ten",1.49354772408186,-0.137521632092605,"Z21.zaimki_wskazujące"
"623",371,"tamten",2.21298099202094,-2.281547093453,"Z21.zaimki_wskazujące"
"624",372,"taki",2.15954751472069,-1.20366489926013,"Z21.zaimki_wskazujące"
"625",NA,"jakiś",2.78279508438567,-3.23568861166509,"Z21.zaimki_wskazujące"
"626",373,"co.to..co.to.jest.",1.96599806838361,1.33838624482371,"Z22.pytania"
"627",374,"co.",1.62040095904063,0.792454847012198,"Z22.pytania"
"628",375,"co.robi.",3.25976828679987,-0.532372946956311,"Z22.pytania"
"629",376,"kto.",2.34614080963552,-0.0389451060335299,"Z22.pytania"
"630",NA,"czyj.",2.69472596012465,-2.72284869404045,"Z22.pytania"
"631",377,"gdzie.",2.61898377916293,0.00952039713116095,"Z22.pytania"
"632",NA,"kiedy.",3.19583508738745,-2.01179407092584,"Z22.pytania"
"633",378,"jak.",2.52205042712048,-1.3553295664646,"Z22.pytania"
"634",379,"dlaczego.czemu.",3.1018887359117,-1.43275555083191,"Z22.pytania"
"635",NA,"po.co.na.co.",2.46986477198666,-1.19976609066881,"Z22.pytania"
"636",380,"jaki.",2.84748894144769,-1.48950809864169,"Z22.pytania"
"637",NA,"który.",3.01841865654942,-2.80475468135811,"Z22.pytania"
"638",NA,"ile.",2.55662319902369,-1.68806425441832,"Z22.pytania"
"639",NA,"chyba",2.26034033564766,-1.57988702592214,"Z23.przysłówki_modalne"
"640",NA,"może",2.38606642508228,-1.56814191222481,"Z23.przysłówki_modalne"
"641",NA,"na.pewno",2.73290034641223,-3.14864531819696,"Z23.przysłówki_modalne"
"642",NA,"naprawdę",2.61784967974026,-2.57372156435079,"Z23.przysłówki_modalne"
"643",NA,"pewnie",2.43778509294357,-3.20294469197442,"Z23.przysłówki_modalne"
"644",NA,"przecież",2.68721056609356,-3.56137806653794,"Z23.przysłówki_modalne"
"645",NA,"w.ogóle",2.31333309609709,-3.46290155454725,"Z23.przysłówki_modalne"
"646",NA,"właśnie",2.51663352225507,-2.93286282927405,"Z23.przysłówki_modalne"
"647",NA,"bez",2.46362666728739,-0.738567503161573,"Z24.przyimki"
"648",NA,"dla",2.80060689563655,0.0268710874356038,"Z24.przyimki"
"649",NA,"do",2.59925854155856,0.6244476325198,"Z24.przyimki"
"650",NA,"na",2.56050390181064,0.107066243924409,"Z24.przyimki"
"651",NA,"koło.obok",2.68487095772509,-1.79389239035351,"Z24.przyimki"
"652",NA,"o",1.3314590279596,0.114062747700695,"Z24.przyimki"
"653",NA,"od",2.89691975715531,-0.676265404680627,"Z24.przyimki"
"654",NA,"po",2.56395191364268,-1.27081647594321,"Z24.przyimki"
"655",NA,"pod",2.88750157754199,-1.31888659127655,"Z24.przyimki"
"656",NA,"przed",3.05888460787719,-3.00704109877073,"Z24.przyimki"
"657",NA,"u",2.20920093654314,-0.159234576406298,"Z24.przyimki"
"658",NA,"w",2.80626702802444,-0.538902912088419,"Z24.przyimki"
"659",NA,"za",2.5118218932882,-1.57304715368264,"Z24.przyimki"
"660",NA,"z..np..tatusiem.",2.51363518519343,-0.094272965152019,"Z24.przyimki"
"661",NA,"z..np..łazienki.",2.5894522720464,-1.39344879958847,"Z24.przyimki"
"662",NA,"a",1.00917707164411,-0.0482905537788161,"Z25.spójniki"
"663",NA,"albo",2.48965807316322,-2.39581396481915,"Z25.spójniki"
"664",NA,"ale",2.16655745967495,-1.52977559577895,"Z25.spójniki"
"665",NA,"bo",1.8322753798492,-1.01428207973845,"Z25.spójniki"
"666",NA,"i",1.51992576563644,-0.11979334027785,"Z25.spójniki"
"667",NA,"jak....to.",2.23762142957418,-1.91288639623392,"Z25.spójniki"
"668",NA,"tylko",2.76041742922814,-2.35418382686338,"Z25.spójniki"
"669",NA,"że",2.3646706714909,-2.38512304916727,"Z25.spójniki"
"670",NA,"żeby",2.807191198571,-3.42568899723356,"Z25.spójniki"
